{
  "TYPE": "box",
  "NAME": "elem1pink-slide-left-1x",
  "WIDTH": 1,
  "HEIGHT": 1,
  "BLOCK": [[[0, 0]], [[0], [0]]],
  "BREAKABLE": false,
  "CAN_HIDE": false,
  "SLIDE": [3, 1],
  "BACKGROUND": true,
  "INTERVAL": 100,

  "STAND": {
      "IMG": [
        "elem1pink-slide-left-1x_stand_0_0.png",
		"elem1pink-slide-left-1x_stand_0_1.png",
		"elem1pink-slide-left-1x_stand_0_2.png",
		"elem1pink-slide-left-1x_stand_0_3.png"
      ],
      "CX": [0,0,0,0],
      "CY": [0,0,0,0]
  }
}