{
  "TYPE": "box",
  "NAME": "elem1yellow-obstacle",
  "WIDTH": 1,
  "HEIGHT": 1,
  "BLOCK": [[[1, 1]], [[1], [1]]],
  "BREAKABLE": false,
  "CAN_HIDE": false,
  "BACKGROUND": false,
  "INTERVAL": 100,

  "STAND": {
      "IMG": [
        "elem1yellow-obstacle_stand_0_0.png",
		"elem1yellow-obstacle_stand_0_1.png",
		"elem1yellow-obstacle_stand_0_2.png",
		"elem1yellow-obstacle_stand_0_3.png"
      ],
      "CX": [0,0,0,0],
      "CY": [0,0,0,0]
  },
  
  "DIE": {
      "IMG": [],
      "CX": [],
      "CY": []
  }
}