{
  "TYPE": "box",
  "NAME": "elem1cyan-obstacle-up",
  "WIDTH": 1,
  "HEIGHT": 1,
  "BLOCK": [[[1, 0]], [[0], [0]]],
  "BREAKABLE": true,
  "CAN_HIDE": false,
  "BACKGROUND": false,
  "INTERVAL": 100,

  "STAND": {
      "IMG": [
        "elem1cyan-obstacle-up_stand_0_0.png",
		"elem1cyan-obstacle-up_stand_0_1.png",
		"elem1cyan-obstacle-up_stand_0_2.png",
		"elem1cyan-obstacle-up_stand_0_3.png"
      ],
      "CX": [0,0,0,0],
      "CY": [0,0,0,0]
  },
  
  "DIE": {
      "IMG": [],
      "CX": [],
      "CY": []
  }
}