{
    "NAME": "cap146",
    "STAND_R": {
        "IMG": [
            "cap146_stand_0_0.png",
            "cap146_stand_0_1.png",
            "cap146_stand_0_2.png",
            "cap146_stand_0_3.png",
            "cap146_stand_0_4.png",
            "cap146_stand_0_5.png"
        ],
        "CX": [
            16,
            16,
            16,
            16,
            16,
            16
        ],
        "CY": [
            21,
            21,
            21,
            21,
            21,
            21
        ]
    },
    "STAND_U": {
        "IMG": [
            "cap146_stand_1_0.png",
            "cap146_stand_1_1.png",
            "cap146_stand_1_2.png",
            "cap146_stand_1_3.png",
            "cap146_stand_1_4.png",
            "cap146_stand_1_5.png"
        ],
        "CX": [
            30,
            30,
            12,
            30,
            30,
            30
        ],
        "CY": [
            22,
            22,
            22,
            22,
            22,
            22
        ]
    },
    "STAND_L": {
        "IMG": [
            "cap146_stand_2_0.png",
            "cap146_stand_2_1.png",
            "cap146_stand_2_2.png",
            "cap146_stand_2_3.png",
            "cap146_stand_2_4.png",
            "cap146_stand_2_5.png"
        ],
        "CX": [
            31,
            31,
            13,
            31,
            31,
            31
        ],
        "CY": [
            21,
            21,
            21,
            21,
            21,
            21
        ]
    },
    "STAND_D": {
        "IMG": [
            "cap146_stand_3_0.png",
            "cap146_stand_3_1.png",
            "cap146_stand_3_2.png",
            "cap146_stand_3_3.png",
            "cap146_stand_3_4.png",
            "cap146_stand_3_5.png"
        ],
        "CX": [
            17,
            18,
            19,
            17,
            16,
            15
        ],
        "CY": [
            23,
            23,
            23,
            23,
            23,
            23
        ]
    },
    "R": {
        "IMG": [
            "cap146_walk_0_0.png",
            "cap146_walk_0_1.png",
            "cap146_walk_0_2.png",
            "cap146_walk_0_3.png",
            "cap146_walk_0_4.png",
            "cap146_walk_0_5.png"
        ],
        "CX": [
            16,
            16,
            16,
            16,
            16,
            16
        ],
        "CY": [
            21,
            21,
            21,
            21,
            21,
            21
        ]
    },
    "U": {
        "IMG": [
            "cap146_walk_1_0.png",
            "cap146_walk_1_1.png",
            "cap146_walk_1_2.png",
            "cap146_walk_1_3.png",
            "cap146_walk_1_4.png",
            "cap146_walk_1_5.png"
        ],
        "CX": [
            30,
            30,
            12,
            30,
            30,
            30
        ],
        "CY": [
            22,
            22,
            22,
            22,
            22,
            22
        ]
    },
    "L": {
        "IMG": [
            "cap146_walk_2_0.png",
            "cap146_walk_2_1.png",
            "cap146_walk_2_2.png",
            "cap146_walk_2_3.png",
            "cap146_walk_2_4.png",
            "cap146_walk_2_5.png"
        ],
        "CX": [
            31,
            31,
            13,
            31,
            31,
            31
        ],
        "CY": [
            21,
            21,
            21,
            21,
            21,
            21
        ]
    },
    "D": {
        "IMG": [
            "cap146_walk_3_0.png",
            "cap146_walk_3_1.png",
            "cap146_walk_3_2.png",
            "cap146_walk_3_3.png",
            "cap146_walk_3_4.png",
            "cap146_walk_3_5.png"
        ],
        "CX": [
            17,
            18,
            19,
            17,
            16,
            15
        ],
        "CY": [
            23,
            23,
            23,
            23,
            23,
            23
        ]
    },
    "INTERVAL": 200
}