{
  "NAME": "air_knife_r",
  "MAGICS": [
    {
      "NAME": "magic0084r",
      "CX": -50,
      "CY": -70,
      "INTERVAL": 50,
      "REPEAT": true,
      "SPECIAL_FLAG": 0
    },
    {
      "NAME": "magic0084r",
      "CX": -50,
      "CY": -70,
      "INTERVAL": 50,
      "REPEAT": true,
      "SPECIAL_FLAG": 0
    },
    {
      "NAME": "magic0096",
      "CX": -40,
      "CY": 10,
      "INTERVAL": 50,
      "REPEAT": true,
      "SPECIAL_FLAG": 0
    }
  ]
}