{
  "NAME": "blood_elixir_large",
  "MAGICS": [
    {
      "NAME": "magic0126",
      "CX": -30,
      "CY": -70,
      "INTERVAL": 20,
      "REPEAT": false,
      "COLOR_SUB": [0, 0, 127],
      "SPECIAL_FLAG": -2
    },
    {
      "NAME": "magic0088",
      "CX": -40,
      "CY": -70,
      "INTERVAL": 50,
      "REPEAT": false,
      "COLOR_SUB": [0, 0, 127],
      "SPECIAL_FLAG": -2
    },
    {
      "NAME": "magic0100",
      "CX": 0,
      "CY": -55,
      "INTERVAL": 50,
      "REPEAT": false,
      "ALPHA": [85, 170, 255, 255, 255, 255, 255 ,255, 255, 255, 255, 255, 196, 128, 64],
      "SPECIAL_FLAG": 0
    }
  ]
}