{
  "NAME": "ice_slowed",
  "MAGICS": [
    {
      "NAME": "magic0023a",
      "CX": -40,
      "CY": -60,
      "INTERVAL": 100,
      "REPEAT": true,
      "COLOR_SUB": [255, 128, 64],
      "SPECIAL_FLAG": -2
    },
    {
      "NAME": "magic0081",
      "CX": -50,
      "CY": -30,
      "INTERVAL": 50,
      "REPEAT": true,
      "SPECIAL_FLAG": 0
    },
    {
      "NAME": "magic0023a",
      "CX": -40,
      "CY": -60,
      "INTERVAL": 100,
      "REPEAT": true,
      "COLOR_SUB": [255, 128, 64],
      "SPECIAL_FLAG": -2
    }
  ]
}