{
  "NAME": "monster",
  "MAGICS": [
    {
      "NAME": "magic0036",
      "CX": -95,
      "CY": -180,
      "INTERVAL": 10,
      "REPEAT": false,
      "SPECIAL_FLAG": 0
    },
    {
      "NAME": "magic0038",
      "CX": 0,
      "CY": 0,
      "INTERVAL": 50,
      "REPEAT": false,
      "SPECIAL_FLAG": 0
    },
    {
      "NAME": "magic0006",
      "CX": 0,
      "CY": 0,
      "INTERVAL": 50,
      "REPEAT": false,
      "SPECIAL_FLAG": -2
    },
    {
      "NAME": "magic0035",
      "CX": 0,
      "CY": 0,
      "INTERVAL": 50,
      "REPEAT": false,
      "ALPHA": [127, 127, 127, 127, 127, 127, 127, 127, 127, 127, 127, 127, 127, 127, 127, 127, 127, 127, 127, 127, 127],
      "SPECIAL_FLAG": 0
    }
  ]
}