{
  "NAME": "poison_explode_once",
  "MAGICS": [
    {
      "NAME": "magic0044s",
      "CX": -44,
      "CY": -60,
      "INTERVAL": 100,
      "REPEAT": false,
      "COLOR_SUB": [127, 0, 255],
      "ALPHA": [178, 178, 178, 178, 178, 178, 178, 178, 178, 178],
      "SPECIAL_FLAG": 0
    },
    {
      "NAME": "magic0045a",
      "CX": -52,
      "CY": -60,
      "INTERVAL": 77,
      "REPEAT": false,
      "COLOR_SUB": [127, 0, 255],
      "ALPHA": [178, 178, 178, 178, 178, 178, 178, 178, 178, 178, 178, 178, 178],
      "SPECIAL_FLAG": 0
    },
    {
      "NAME": "magic0045b",
      "CX": -52,
      "CY": -60,
      "INTERVAL": 77,
      "REPEAT": false,
      "COLOR_SUB": [127, 0, 255],
      "ALPHA": [178, 178, 178, 178, 178, 178, 178, 178, 178, 178, 178, 178, 178],
      "SPECIAL_FLAG": 0
    }
  ]
}