{
  "NAME": "transform",
  "MAGICS": [
    {
      "NAME": "magic004041",
      "CX": -50,
      "CY": -80,
      "INTERVAL": 50,
      "MAX_TIME": 10000,
      "REPEAT": true,
      "SPECIAL_FLAG": 0
    },
    {
      "NAME": "magic004041",
      "CX": -50,
      "CY": -80,
      "INTERVAL": 50,
      "MAX_TIME": 10000,
      "REPEAT": true,
      "SPECIAL_FLAG": 0
    },
    {
      "NAME": "magic0042",
      "CX": -4,
      "CY": 10,
      "INTERVAL": 50,
      "MAX_TIME": 10000,
      "REPEAT": true,
      "SPECIAL_FLAG": 0,
      "ALPHA": [127, 127, 127, 127, 127, 127, 127, 127, 127, 127, 127]
    }
  ]
}