{
  "TYPE": "common",
  "NAME": "elem39",
  "WIDTH": 3,
  "HEIGHT": 2,
  "BLOCK": [[[1, 1, 1], [1, 1, 1], [1, 1, 1]],
            [[1, 1], [1, 1], [1, 1], [1, 1]]],
  "BREAKABLE": false,
  "CAN_HIDE": false,
  "INTERVAL": 100,

  "STAND": {
    "IMG": [
      "elem39_stand_0_0.png",
      "elem39_stand_0_1.png",
      "elem39_stand_0_2.png",
      "elem39_stand_0_3.png",
      "elem39_stand_0_4.png",
      "elem39_stand_0_5.png"
    ],

    "CX": [6, 6, 6, 6, 6, 6],
    "CY": [-7, -5, -7, 3, -2, -5]
  }

}