{
  "TYPE": "common",
  "NAME": "elem130",
  "WIDTH": 1,
  "HEIGHT": 1,
  "BLOCK": [[[0, 0]], [[0], [0]]],
  "BREAKABLE": false,
  "CAN_HIDE": false,
  "SLIDE": [4, 1],
  "BACKGROUND": true,
  "INTERVAL": 100,

  "STAND": {
    "IMG": [
      "elem130_stand_0_0.png",
      "elem130_stand_0_1.png",
      "elem130_stand_0_2.png",
      "elem130_stand_0_3.png",
      "elem130_stand_0_4.png",
      "elem130_stand_0_5.png",
      "elem130_stand_0_6.png",
      "elem130_stand_0_7.png",
      "elem130_stand_0_8.png",
      "elem130_stand_0_9.png"
    ],

    "CX": [0, 0, 0, 0, 0, 0, 0, 0, 0, 0],
    "CY": [0, 0, 0, 0, 0, 0, 0, 0, 0, 0]
  }

}