{

    "NAME": "Character11001",

    "STAND_R": {
        "Cx": -50,
        "Cy": -74,
        "Cloth": {
            "IMG": [
                "cloth11001_stand_0_0.png"
            ],
            "CX": [28],
            "CY": [25]
        },
        "Cloth_m": {
            "IMG": [
                "cloth11001_stand_m_0_0.png"
            ],
            "CX": [40],
            "CY": [62]
        }
    },
	
	"STAND_U": {
	    "Cx": -50,
	    "Cy": -74,
	    "Cloth": {
	        "IMG": [
	            "cloth11001_stand_1_0.png"
	        ],
	        "CX": [28],
	        "CY": [25]
	    },
	    "Cloth_m": {
	        "IMG": [
	            "cloth11001_stand_m_1_0.png"
	        ],
	        "CX": [35],
	        "CY": [61]
	    }
	},
	
	"STAND_L": {
	    "Cx": -50,
	    "Cy": -74,
	    "Cloth": {
	        "IMG": [
	            "cloth11001_stand_2_0.png"
	        ],
	        "CX": [28],
	        "CY": [25]
	    },
	    "Cloth_m": {
	        "IMG": [
	            "cloth11001_stand_m_2_0.png"
	        ],
	        "CX": [40],
	        "CY": [62]
	    }
	},
	
	"STAND_D": {
	    "Cx": -50,
	    "Cy": -74,
	    "Cloth": {
	        "IMG": [
	            "cloth11001_stand_3_0.png"
	        ],
	        "CX": [28],
	        "CY": [25]
	    },
	    "Cloth_m": {
	        "IMG": [
	            "cloth11001_stand_m_3_0.png"
	        ],
	        "CX": [35],
	        "CY": [61]
	    }
	},

    "R": {
        "Cx": -50,
        "Cy": -74,
        "Cloth": {
            "IMG": [
                "cloth11001_walk_0_0.png",
                "cloth11001_walk_0_1.png",
                "cloth11001_walk_0_2.png",
                "cloth11001_walk_0_3.png",
                "cloth11001_walk_0_4.png",
                "cloth11001_walk_0_5.png"
            ],
            "CX": [28, 28, 28, 28, 28, 28],
            "CY": [25, 25, 25, 25, 25, 25]
        },
        "Cloth_m": {
            "IMG": [
                "cloth11001_walk_m_0_0.png",
                "cloth11001_walk_m_0_1.png",
                "cloth11001_walk_m_0_2.png",
                "cloth11001_walk_m_0_3.png",
                "cloth11001_walk_m_0_4.png",
                "cloth11001_walk_m_0_5.png"
            ],
            "CX": [40, 40, 41, 40, 40, 40],
            "CY": [62, 62, 62, 62, 62, 62]
        }
    },

    "U": {
        "Cx": -50,
        "Cy": -74,
        "Cloth": {
            "IMG": [
                "cloth11001_walk_1_0.png",
                "cloth11001_walk_1_1.png",
                "cloth11001_walk_1_2.png",
                "cloth11001_walk_1_3.png",
                "cloth11001_walk_1_4.png",
                "cloth11001_walk_1_5.png"
            ],
            "CX": [28, 28, 28, 28, 28, 28],
            "CY": [25, 25, 25, 25, 25, 25]
        },
        "Cloth_m": {
            "IMG": [
                "cloth11001_walk_m_1_0.png",
                "cloth11001_walk_m_1_1.png",
                "cloth11001_walk_m_1_2.png",
                "cloth11001_walk_m_1_3.png",
                "cloth11001_walk_m_1_4.png",
                "cloth11001_walk_m_1_5.png"
            ],
            "CX": [35, 36, 36, 35, 38, 35],
            "CY": [61, 61, 61, 61, 61, 61]
        }
        
    },
	
	"L": {
	    "Cx": -50,
	    "Cy": -74,
	    "Cloth": {
	        "IMG": [
	            "cloth11001_walk_2_0.png",
	            "cloth11001_walk_2_1.png",
	            "cloth11001_walk_2_2.png",
	            "cloth11001_walk_2_3.png",
	            "cloth11001_walk_2_4.png",
	            "cloth11001_walk_2_5.png"
	        ],
	        "CX": [28, 28, 28, 28, 28, 28],
            "CY": [25, 25, 25, 25, 25, 25]
	    },
	    "Cloth_m": {
	        "IMG": [
	            "cloth11001_walk_m_2_0.png",
	            "cloth11001_walk_m_2_1.png",
	            "cloth11001_walk_m_2_2.png",
	            "cloth11001_walk_m_2_3.png",
	            "cloth11001_walk_m_2_4.png",
	            "cloth11001_walk_m_2_5.png"
	        ],
	        "CX": [40, 40, 40, 40, 40, 41],
            "CY": [62, 62, 62, 62, 62, 62]
	    }
	   
	},
	
	"D": {
	    "Cx": -50,
	    "Cy": -74,
	    "Cloth": {
	        "IMG": [
	            "cloth11001_walk_3_0.png",
	            "cloth11001_walk_3_1.png",
	            "cloth11001_walk_3_2.png",
	            "cloth11001_walk_3_3.png",
	            "cloth11001_walk_3_4.png",
	            "cloth11001_walk_3_5.png"
	        ],
	        "CX": [28, 28, 28, 28, 28, 28],
            "CY": [25, 25, 25, 25, 25, 25]
	    },
	    "Cloth_m": {
	        "IMG": [
	            "cloth11001_walk_m_3_0.png",
	            "cloth11001_walk_m_3_1.png",
	            "cloth11001_walk_m_3_2.png",
	            "cloth11001_walk_m_3_3.png",
	            "cloth11001_walk_m_3_4.png",
	            "cloth11001_walk_m_3_5.png"
	        ],
	        "CX": [35, 36, 37, 35, 38, 39],
            "CY": [61, 61, 61, 61, 61, 61]
	    }
	    
	},
    
	"LOSE": {
        "Cx": -50,
        "Cy": -74,
        "Cloth": {
            "IMG": [
                "cloth11001_lose_0_0.png",
                "cloth11001_lose_0_1.png",
                "cloth11001_lose_0_2.png",
                "cloth11001_lose_0_3.png"
            ],
            "CX": [15, 13, 15, 13],
            "CY": [28, 31, 28 ,31]
        },
        "Cloth_m": {
            "IMG": [
                "cloth11001_lose_m_0_0.png",
                "cloth11001_lose_m_0_1.png",
                "cloth11001_lose_m_0_2.png",
                "cloth11001_lose_m_0_3.png"
            ],
            "CX": [40, 40, 40, 40],
            "CY": [67, 68, 67, 68]
        }
    },

    "INTERVAL": 100
}