{

    "NAME": "Character18604",

    "STAND_R": {
        "Len": 6,
        "Cx": -50,
        "Cy": -74,
        "Cloth": {
            "IMG": [
                "cloth18604_stand_0_0.png",
                "cloth18604_stand_0_1.png",
                "cloth18604_stand_0_2.png",
                "cloth18604_stand_0_3.png",
                "cloth18604_stand_0_4.png",
                "cloth18604_stand_0_5.png"
            ],
            "CX": [-41, -38, -40, -39, -42, -47],
            "CY": [-1, -1, -1, -1, 0, 0]
        }
    },

    "STAND_U": {
        "Len": 6,
        "Cx": -50,
        "Cy": -74,
        "Cloth": {
            "IMG": [
                "cloth18604_stand_0_0.png",
                "cloth18604_stand_0_1.png",
                "cloth18604_stand_0_2.png",
                "cloth18604_stand_0_3.png",
                "cloth18604_stand_0_4.png",
                "cloth18604_stand_0_5.png"
            ],
            "CX": [-41, -38, -40, -39, -42, -47],
            "CY": [-1, -1, -1, -1, 0, 0]
        }
    },

    "STAND_L": {
        "Len": 6,
        "Cx": -50,
        "Cy": -74,
        "Cloth": {
            "IMG": [
                "cloth18604_stand_0_0.png",
                "cloth18604_stand_0_1.png",
                "cloth18604_stand_0_2.png",
                "cloth18604_stand_0_3.png",
                "cloth18604_stand_0_4.png",
                "cloth18604_stand_0_5.png"
            ],
            "CX": [-41, -38, -40, -39, -42, -47],
            "CY": [-1, -1, -1, -1, 0, 0]
        }
    },

    "STAND_D": {
        "Len": 6,
        "Cx": -50,
        "Cy": -74,
        "Cloth": {
            "IMG": [
                "cloth18604_stand_0_0.png",
                "cloth18604_stand_0_1.png",
                "cloth18604_stand_0_2.png",
                "cloth18604_stand_0_3.png",
                "cloth18604_stand_0_4.png",
                "cloth18604_stand_0_5.png"
            ],
            "CX": [-41, -38, -40, -39, -42, -47],
            "CY": [-1, -1, -1, -1, 0, 0]
        }
    },

    "R": {
        "Len": 6,
        "Cx": -50,
        "Cy": -74,
        "Cloth": {
            "IMG": [
                "cloth18604_walk_0_0.png",
                "cloth18604_walk_0_1.png",
                "cloth18604_walk_0_2.png",
                "cloth18604_walk_0_3.png",
                "cloth18604_walk_0_4.png",
                "cloth18604_walk_0_5.png"
            ],
            "CX": [4, -1, -9, -1, 4, 9],
            "CY": [-1, -1, -1, -1, -1, -1]
        }
    },

    "U": {
        "Len": 6,
        "Cx": -50,
        "Cy": -74,
        "Cloth": {
            "IMG": [
                "cloth18604_walk_1_0.png",
                "cloth18604_walk_1_1.png",
                "cloth18604_walk_1_2.png",
                "cloth18604_walk_1_3.png",
                "cloth18604_walk_1_4.png",
                "cloth18604_walk_1_5.png"
            ],
            "CX": [-43, -40, -42, -41, -44, -49],
            "CY": [-2, -2, -2, -2, -1, -1]
        }
    },

    "L": {
        "Len": 6,
        "Cx": -50,
        "Cy": -74,
        "Cloth": {
            "IMG": [
                "cloth18604_walk_2_0.png",
                "cloth18604_walk_2_1.png",
                "cloth18604_walk_2_2.png",
                "cloth18604_walk_2_3.png",
                "cloth18604_walk_2_4.png",
                "cloth18604_walk_2_5.png"
            ],
            "CX": [-4, -9, -17, -9, -4, 0],
            "CY": [-1, -1, -1, -1, -1, -1]
        }
    },

    "D": {
        "Len": 6,
        "Cx": -50,
        "Cy": -74,
        "Cloth": {
            "IMG": [
                "cloth18604_walk_3_0.png",
                "cloth18604_walk_3_1.png",
                "cloth18604_walk_3_2.png",
                "cloth18604_walk_3_3.png",
                "cloth18604_walk_3_4.png",
                "cloth18604_walk_3_5.png"
            ],
            "CX": [-41, -38, -40, -39, -42, -47],
            "CY": [-1, -1, -1, -1, 0, 0]
        }
    },

    "INTERVAL": 200
}