{

    "NAME": "Character18001",

    "STAND_R": {
        "Len": 6,
        "Cx": -50,
        "Cy": -74,
        "Cloth": {
            "IMG": [
                "cloth18001_stand_0_0.png",
                "cloth18001_stand_0_1.png",
                "cloth18001_stand_0_2.png",
                "cloth18001_stand_0_3.png",
                "cloth18001_stand_0_4.png",
                "cloth18001_stand_0_5.png"
            ],
            "CX": [18, 21, 23, 18, 20, 21],
            "CY": [16, 16, 16, 16, 16, 16]
        }
    },

    "STAND_U": {
        "Len": 6,
        "Cx": -50,
        "Cy": -74,
        "Cloth": {
            "IMG": [
                "cloth18001_stand_0_0.png",
                "cloth18001_stand_0_1.png",
                "cloth18001_stand_0_2.png",
                "cloth18001_stand_0_3.png",
                "cloth18001_stand_0_4.png",
                "cloth18001_stand_0_5.png"
            ],
            "CX": [18, 21, 23, 18, 20, 21],
            "CY": [16, 16, 16, 16, 16, 16]
        }
    },

    "STAND_L": {
        "Len": 6,
        "Cx": -50,
        "Cy": -74,
        "Cloth": {
            "IMG": [
                "cloth18001_stand_0_0.png",
                "cloth18001_stand_0_1.png",
                "cloth18001_stand_0_2.png",
                "cloth18001_stand_0_3.png",
                "cloth18001_stand_0_4.png",
                "cloth18001_stand_0_5.png"
            ],
            "CX": [18, 21, 23, 18, 20, 21],
            "CY": [16, 16, 16, 16, 16, 16]
        }
    },

    "STAND_D": {
        "Len": 6,
        "Cx": -50,
        "Cy": -74,
        "Cloth": {
            "IMG": [
                "cloth18001_stand_0_0.png",
                "cloth18001_stand_0_1.png",
                "cloth18001_stand_0_2.png",
                "cloth18001_stand_0_3.png",
                "cloth18001_stand_0_4.png",
                "cloth18001_stand_0_5.png"
            ],
            "CX": [18, 21, 23, 18, 20, 21],
            "CY": [16, 16, 16, 16, 16, 16]
        }
    },

    "R": {
        "Len": 6,
        "Cx": -50,
        "Cy": -74,
        "Cloth": {
            "IMG": [
                "cloth18001_walk_0_0.png",
                "cloth18001_walk_0_1.png",
                "cloth18001_walk_0_2.png",
                "cloth18001_walk_0_3.png",
                "cloth18001_walk_0_4.png",
                "cloth18001_walk_0_5.png"
            ],
            "CX": [28, 28, 28, 28, 28, 28],
            "CY": [20, 20, 20, 20, 20, 20]
        }
    },

    "U": {
        "Len": 6,
        "Cx": -50,
        "Cy": -74,
        "Cloth": {
            "IMG": [
                "cloth18001_walk_1_0.png",
                "cloth18001_walk_1_1.png",
                "cloth18001_walk_1_2.png",
                "cloth18001_walk_1_3.png",
                "cloth18001_walk_1_4.png",
                "cloth18001_walk_1_5.png"
            ],
            "CX": [10, 10, 10, 10, 10, 10],
            "CY": [16, 16, 16, 16, 16, 16]
        }
    },

    "L": {
        "Len": 6,
        "Cx": -50,
        "Cy": -74,
        "Cloth": {
            "IMG": [
                "cloth18001_walk_2_0.png",
                "cloth18001_walk_2_1.png",
                "cloth18001_walk_2_2.png",
                "cloth18001_walk_2_3.png",
                "cloth18001_walk_2_4.png",
                "cloth18001_walk_2_5.png"
            ],
            "CX": [34, 33, 32, 34, 33, 32],
            "CY": [20, 20, 20, 20, 20, 20]
        }
    },

    "D": {
        "Len": 6,
        "Cx": -50,
        "Cy": -74,
        "Cloth": {
            "IMG": [
                "cloth18001_walk_3_0.png",
                "cloth18001_walk_3_1.png",
                "cloth18001_walk_3_2.png",
                "cloth18001_walk_3_3.png",
                "cloth18001_walk_3_4.png",
                "cloth18001_walk_3_5.png"
            ],
            "CX": [18, 21, 23, 18, 20, 21],
            "CY": [16, 16, 16, 16, 16, 16]
        }
    },

    "INTERVAL": 200
}