{

    "NAME": "Character18703",

    "STAND_R": {
        "Len": 6,
        "Cx": -50,
        "Cy": -74,
        "Cloth": {
            "IMG": [
                "cloth18703_stand_0_0.png",
                "cloth18703_stand_0_1.png",
                "cloth18703_stand_0_2.png",
                "cloth18703_stand_0_3.png",
                "cloth18703_stand_0_4.png",
                "cloth18703_stand_0_5.png"
            ],
            "CX": [24, 25, 26, 24, 25, 26],
            "CY": [32, 34, 36, 32, 34, 36]
        }
    },

    "STAND_U": {
        "Len": 6,
        "Cx": -50,
        "Cy": -74,
        "Cloth": {
            "IMG": [
                "cloth18703_stand_0_0.png",
                "cloth18703_stand_0_1.png",
                "cloth18703_stand_0_2.png",
                "cloth18703_stand_0_3.png",
                "cloth18703_stand_0_4.png",
                "cloth18703_stand_0_5.png"
            ],
            "CX": [24, 25, 26, 24, 25, 26],
            "CY": [32, 34, 36, 32, 34, 36]
        }
    },

    "STAND_L": {
        "Len": 6,
        "Cx": -50,
        "Cy": -74,
        "Cloth": {
            "IMG": [
                "cloth18703_stand_0_0.png",
                "cloth18703_stand_0_1.png",
                "cloth18703_stand_0_2.png",
                "cloth18703_stand_0_3.png",
                "cloth18703_stand_0_4.png",
                "cloth18703_stand_0_5.png"
            ],
            "CX": [24, 25, 26, 24, 25, 26],
            "CY": [32, 34, 36, 32, 34, 36]
        }
    },

    "STAND_D": {
        "Len": 6,
        "Cx": -50,
        "Cy": -74,
        "Cloth": {
            "IMG": [
                "cloth18703_stand_0_0.png",
                "cloth18703_stand_0_1.png",
                "cloth18703_stand_0_2.png",
                "cloth18703_stand_0_3.png",
                "cloth18703_stand_0_4.png",
                "cloth18703_stand_0_5.png"
            ],
            "CX": [24, 25, 26, 24, 25, 26],
            "CY": [32, 34, 36, 32, 34, 36]
        }
    },

    "R": {
        "Len": 6,
        "Cx": -50,
        "Cy": -74,
        "Cloth": {
            "IMG": [
                "cloth18703_walk_0_0.png",
                "cloth18703_walk_0_1.png",
                "cloth18703_walk_0_2.png",
                "cloth18703_walk_0_3.png",
                "cloth18703_walk_0_4.png",
                "cloth18703_walk_0_5.png"
            ],
            "CX": [33, 32, 34, 33, 32, 34],
            "CY": [32, 32, 33, 32, 32, 33]
        }
    },

    "U": {
        "Len": 6,
        "Cx": -50,
        "Cy": -74,
        "Cloth": {
            "IMG": [
                "cloth18703_walk_1_0.png",
                "cloth18703_walk_1_1.png",
                "cloth18703_walk_1_2.png",
                "cloth18703_walk_1_3.png",
                "cloth18703_walk_1_4.png",
                "cloth18703_walk_1_5.png"
            ],
            "CX": [27, 30, 31, 27, 30, 31],
            "CY": [32, 33, 34, 32, 33, 34]
        }
    },

    "L": {
        "Len": 6,
        "Cx": -50,
        "Cy": -74,
        "Cloth": {
            "IMG": [
                "cloth18703_walk_2_0.png",
                "cloth18703_walk_2_1.png",
                "cloth18703_walk_2_2.png",
                "cloth18703_walk_2_3.png",
                "cloth18703_walk_2_4.png",
                "cloth18703_walk_2_5.png"
            ],
            "CX": [33, 33, 33, 33, 33, 33],
            "CY": [32, 32, 33, 32, 32, 33]
        }
    },

    "D": {
        "Len": 6,
        "Cx": -50,
        "Cy": -74,
        "Cloth": {
            "IMG": [
                "cloth18703_walk_3_0.png",
                "cloth18703_walk_3_1.png",
                "cloth18703_walk_3_2.png",
                "cloth18703_walk_3_3.png",
                "cloth18703_walk_3_4.png",
                "cloth18703_walk_3_5.png"
            ],
            "CX": [24, 25, 26, 24, 25, 26],
            "CY": [32, 34, 36, 32, 34, 36]
        }
    },

    "INTERVAL": 200
}