{

    "NAME": "Character102",

    "STAND_R": {
        "Len": 1,
        "Cx": -50,
        "Cy": -74,
        "Cloth": {
            "IMG": [
                "pet102_stand_0_0.png",
				"pet102_stand_0_1.png",
				"pet102_stand_0_2.png",
				"pet102_stand_0_3.png",
				"pet102_stand_0_4.png",
				"pet102_stand_0_5.png"
            ],
            "CX": [10, 2, 3, 4, 3, 0],
            "CY": [15, 17, 10, 8, 7, 14]
        }
    },

    "STAND_U": {
        "Len": 1,
        "Cx": -50,
        "Cy": -74,
        "Cloth": {
            "IMG": [
                "pet102_stand_1_0.png",
				"pet102_stand_1_1.png",
				"pet102_stand_1_2.png",
				"pet102_stand_1_3.png",
				"pet102_stand_1_4.png",
				"pet102_stand_1_5.png"
            ],
            "CX": [12, 2, 3, 5, 3, 1],
            "CY": [15, 17, 18, 14, 13, 12]
        }
    },

    "STAND_L": {
        "Len": 1,
        "Cx": -50,
        "Cy": -74,
        "Cloth": {
            "IMG": [
                "pet102_stand_2_0.png",
				"pet102_stand_2_1.png",
				"pet102_stand_2_2.png",
				"pet102_stand_2_3.png",
				"pet102_stand_2_4.png",
				"pet102_stand_2_5.png"
            ],
            "CX": [30, 30, 30, 30, 30, 30],
            "CY": [15, 17, 10, 8, 7, 14]
        }
    },

    "STAND_D": {
        "Len": 1,
        "Cx": -50,
        "Cy": -74,
        "Cloth": {
            "IMG": [
                "pet102_stand_3_0.png",
				"pet102_stand_3_1.png",
				"pet102_stand_3_2.png",
				"pet102_stand_3_3.png",
				"pet102_stand_3_4.png",
				"pet102_stand_3_5.png"
            ],
            "CX": [12, 2, 3, 6, 3, 1],
            "CY": [15, 17, 18, 15, 13, 12]
        }
    },

    "R": {
        "Len": 6,
        "Cx": -50,
        "Cy": -74,
        "Cloth": {
            "IMG": [
                "pet102_stand_0_0.png",
				"pet102_stand_0_1.png",
				"pet102_stand_0_2.png",
				"pet102_stand_0_3.png",
				"pet102_stand_0_4.png",
				"pet102_stand_0_5.png"
            ],
            "CX": [10, 2, 3, 4, 3, 0],
            "CY": [15, 17, 10, 8, 7, 14]
        }
    },

    "U": {
        "Len": 6,
        "Cx": -50,
        "Cy": -74,
        "Cloth": {
            "IMG": [
                "pet102_stand_1_0.png",
				"pet102_stand_1_1.png",
				"pet102_stand_1_2.png",
				"pet102_stand_1_3.png",
				"pet102_stand_1_4.png",
				"pet102_stand_1_5.png"
            ],
            "CX": [12, 2, 3, 5, 3, 1],
            "CY": [15, 17, 18, 14, 13, 12]
        }
    },

    "L": {
        "Len": 6,
        "Cx": -50,
        "Cy": -74,
        "Cloth": {
            "IMG": [
                "pet102_stand_2_0.png",
				"pet102_stand_2_1.png",
				"pet102_stand_2_2.png",
				"pet102_stand_2_3.png",
				"pet102_stand_2_4.png",
				"pet102_stand_2_5.png"
            ],
            "CX": [30, 30, 30, 30, 30, 30],
            "CY": [15, 17, 10, 8, 7, 14]
        }
    },

    "D": {
        "Len": 6,
        "Cx": -50,
        "Cy": -74,
        "Cloth": {
            "IMG": [
                "pet102_stand_3_0.png",
				"pet102_stand_3_1.png",
				"pet102_stand_3_2.png",
				"pet102_stand_3_3.png",
				"pet102_stand_3_4.png",
				"pet102_stand_3_5.png"
            ],
            "CX": [12, 2, 3, 6, 3, 1],
            "CY": [15, 17, 18, 15, 13, 12]
        }
    },

    "INTERVAL": 150
}