{

    "NAME": "Character10501",

    "STAND_R": {
        "Len": 6,
        "Cx": -44,
        "Cy": -71,
        "Cloth": {
            "IMG": [
                "cloth10501_stand_0_0.png"
            ],
            "CX": [24],
            "CY": [22]
        },
        "Cloth_m": {
            "IMG": [
                "cloth10501_stand_m_0_0.png"
            ],
            "CX": [24],
            "CY": [22]
        }
    },

    "STAND_U": {
        "Len": 6,
        "Cx": -44,
        "Cy": -71,
        "Cloth": {
            "IMG": [
                "cloth10501_stand_1_0.png"
            ],
            "CX": [17],
            "CY": [22]
        },
        "Cloth_m": {
            "IMG": [
                "cloth10501_stand_m_1_0.png"
            ],
            "CX": [17],
            "CY": [22]
        }
    },

    "STAND_L": {
        "Len": 6,
        "Cx": -44,
        "Cy": -71,
        "Cloth": {
            "IMG": [
                "cloth10501_stand_2_0.png"
            ],
            "CX": [26],
            "CY": [22]
        },
        "Cloth_m": {
            "IMG": [
                "cloth10501_stand_m_2_0.png"
            ],
            "CX": [26],
            "CY": [22]
        }
    },

    "STAND_D": {
        "Len": 6,
        "Cx": -44,
        "Cy": -71,
        "Cloth": {
            "IMG": [
                "cloth10501_stand_3_0.png"
            ],
            "CX": [17],
            "CY": [22]
        },
        "Cloth_m": {
            "IMG": [
                "cloth10501_stand_m_3_0.png"
            ],
            "CX": [17],
            "CY": [22]
        }
    },

    "R": {
        "Len": 6,
        "Cx": -44,
        "Cy": -71,
        "Cloth": {
            "IMG": [
                "cloth10501_walk_0_0.png",
                "cloth10501_walk_0_1.png",
                "cloth10501_walk_0_2.png",
                "cloth10501_walk_0_3.png",
                "cloth10501_walk_0_4.png",
                "cloth10501_walk_0_5.png"
            ],
            "CX": [24, 24, 24, 24, 24, 24],
            "CY": [22, 22, 22, 22, 22, 22]
        },
		"Cloth_m": {
            "IMG": [
                "cloth10501_walk_m_0_0.png",
                "cloth10501_walk_m_0_1.png",
                "cloth10501_walk_m_0_2.png",
                "cloth10501_walk_m_0_3.png",
                "cloth10501_walk_m_0_4.png",
                "cloth10501_walk_m_0_5.png"
            ],
            "CX": [24, 24, 24, 24, 24, 24],
            "CY": [22, 22, 22, 22, 22, 22]
        }
    },

    "U": {
        "Len": 6,
        "Cx": -44,
        "Cy": -71,
        "Cloth": {
            "IMG": [
                "cloth10501_walk_1_0.png",
                "cloth10501_walk_1_1.png",
                "cloth10501_walk_1_2.png",
                "cloth10501_walk_1_3.png",
                "cloth10501_walk_1_4.png",
                "cloth10501_walk_1_5.png"
            ],
            "CX": [17, 18, 19, 17, 17, 17],
            "CY": [22, 22, 22, 22, 22, 22]
        },
		"Cloth_m": {
            "IMG": [
                "cloth10501_walk_m_1_0.png",
                "cloth10501_walk_m_1_1.png",
                "cloth10501_walk_m_1_2.png",
                "cloth10501_walk_m_1_3.png",
                "cloth10501_walk_m_1_4.png",
                "cloth10501_walk_m_1_5.png"
            ],
            "CX": [17, 18, 19, 17, 17, 17],
            "CY": [22, 22, 22, 22, 22, 22]
        }
    },

    "L": {
        "Len": 6,
        "Cx": -44,
        "Cy": -71,
        "Cloth": {
            "IMG": [
                "cloth10501_walk_2_0.png",
                "cloth10501_walk_2_1.png",
                "cloth10501_walk_2_2.png",
                "cloth10501_walk_2_3.png",
                "cloth10501_walk_2_4.png",
                "cloth10501_walk_2_5.png"
            ],
            "CX": [26, 26, 26, 26, 26, 26],
            "CY": [22, 22, 22, 22, 22, 22]
        },
		"Cloth_m": {
            "IMG": [
                "cloth10501_walk_m_2_0.png",
                "cloth10501_walk_m_2_1.png",
                "cloth10501_walk_m_2_2.png",
                "cloth10501_walk_m_2_3.png",
                "cloth10501_walk_m_2_4.png",
                "cloth10501_walk_m_2_5.png"
            ],
            "CX": [26, 26, 26, 26, 26, 26],
            "CY": [22, 22, 22, 22, 22, 22]
        }
    },

    "D": {
        "Len": 6,
        "Cx": -44,
        "Cy": -71,
        "Cloth": {
            "IMG": [
                "cloth10501_walk_3_0.png",
                "cloth10501_walk_3_1.png",
                "cloth10501_walk_3_2.png",
                "cloth10501_walk_3_3.png",
                "cloth10501_walk_3_4.png",
                "cloth10501_walk_3_5.png"
            ],
            "CX": [17, 18, 19, 17, 17, 17],
            "CY": [22, 22, 22, 22, 22, 22]
        },
		"Cloth_m": {
            "IMG": [
                "cloth10501_walk_m_3_0.png",
                "cloth10501_walk_m_3_1.png",
                "cloth10501_walk_m_3_2.png",
                "cloth10501_walk_m_3_3.png",
                "cloth10501_walk_m_3_4.png",
                "cloth10501_walk_m_3_5.png"
            ],
            "CX": [17, 18, 19, 17, 17, 17],
            "CY": [22, 22, 22, 22, 22, 22]
        }
    },
	"LOSE": {
        "Cx": -44,
        "Cy": -71,
		"Cloth": {
            "IMG": [
                "cloth10501_lose_0_0.png",
                "cloth10501_lose_0_1.png"
            ],
            "CX": [13, 16],
            "CY": [28, 26]
        },
        "Cloth_m": {
            "IMG": [
                "cloth10501_lose_m_0_0.png",
                "cloth10501_lose_m_0_1.png"
            ],
            "CX": [17, 17],
            "CY": [28, 26]
        }  
    },

    "INTERVAL": 100
}