{

    "NAME": "Character11101",

    "STAND_R": {
        "Cx": -50,
        "Cy": -74,
        "Cloth": {
            "IMG": [
                "cloth11101_stand_0_0.png"
            ],
            "CX": [23],
            "CY": [15]
        },
        "Cloth_m": {
            "IMG": [
                "cloth11101_stand_m_0_0.png"
            ],
            "CX": [33],
            "CY": [27]
        }
    },
	
	"STAND_U": {
	    "Cx": -50,
	    "Cy": -74,
	    "Cloth": {
	        "IMG": [
	            "cloth11101_stand_1_0.png"
	        ],
	        "CX": [24],
	        "CY": [15]
	    },
	    "Cloth_m": {
	        "IMG": [
	            "cloth11101_stand_m_1_0.png"
	        ],
	        "CX": [34],
	        "CY": [28]
	    }
	},
	
	"STAND_L": {
	    "Cx": -50,
	    "Cy": -74,
	    "Cloth": {
	        "IMG": [
	            "cloth11101_stand_2_0.png"
	        ],
	        "CX": [27],
	        "CY": [15]
	    },
	    "Cloth_m": {
	        "IMG": [
	            "cloth11101_stand_m_2_0.png"
	        ],
	        "CX": [35],
	        "CY": [26]
	    }
	},
	
	"STAND_D": {
	    "Cx": -50,
	    "Cy": -74,
	    "Cloth": {
	        "IMG": [
	            "cloth11101_stand_3_0.png"
	        ],
	        "CX": [24],
	        "CY": [15]
	    },
	    "Cloth_m": {
	        "IMG": [
	            "cloth11101_stand_m_3_0.png"
	        ],
	        "CX": [34],
	        "CY": [28]
	    }
	},

    "R": {
        "Cx": -50,
        "Cy": -74,
        "Cloth": {
            "IMG": [
                "cloth11101_walk_0_0.png",
                "cloth11101_walk_0_1.png",
                "cloth11101_walk_0_2.png",
                "cloth11101_walk_0_3.png",
                "cloth11101_walk_0_4.png",
                "cloth11101_walk_0_5.png"
            ],
            "CX": [23, 23, 23, 23, 23, 23],
            "CY": [15, 15, 15, 15, 15, 15]
        },
        "Cloth_m": {
            "IMG": [
                "cloth11101_walk_m_0_0.png",
                "cloth11101_walk_m_0_1.png",
                "cloth11101_walk_m_0_2.png",
                "cloth11101_walk_m_0_3.png",
                "cloth11101_walk_m_0_4.png",
                "cloth11101_walk_m_0_5.png"
            ],
            "CX": [33, 33, 33, 33, 33, 33],
            "CY": [27, 27, 27, 27, 27, 27]
        }
    },

    "U": {
        "Cx": -50,
        "Cy": -74,
        "Cloth": {
            "IMG": [
                "cloth11101_walk_1_0.png",
                "cloth11101_walk_1_1.png",
                "cloth11101_walk_1_2.png",
                "cloth11101_walk_1_3.png",
                "cloth11101_walk_1_4.png",
                "cloth11101_walk_1_5.png"
            ],
            "CX": [24, 24, 24, 24, 24, 24],
            "CY": [15, 15, 15, 15, 15, 15]
        },
        "Cloth_m": {
            "IMG": [
                "cloth11101_walk_m_1_0.png",
                "cloth11101_walk_m_1_1.png",
                "cloth11101_walk_m_1_2.png",
                "cloth11101_walk_m_1_3.png",
                "cloth11101_walk_m_1_4.png",
                "cloth11101_walk_m_1_5.png"
            ],
            "CX": [34, 34, 34, 32, 33, 34],
            "CY": [28, 28, 28, 28, 27, 28]
        }
        
    },
	
	"L": {
	    "Cx": -50,
	    "Cy": -74,
	    "Cloth": {
	        "IMG": [
	            "cloth11101_walk_2_0.png",
	            "cloth11101_walk_2_1.png",
	            "cloth11101_walk_2_2.png",
	            "cloth11101_walk_2_3.png",
	            "cloth11101_walk_2_4.png",
	            "cloth11101_walk_2_5.png"
	        ],
	        "CX": [27, 27, 27, 27, 27, 27],
            "CY": [15, 15, 15, 15, 15, 15]
	    },
	    "Cloth_m": {
	        "IMG": [
	            "cloth11101_walk_m_2_0.png",
	            "cloth11101_walk_m_2_1.png",
	            "cloth11101_walk_m_2_2.png",
	            "cloth11101_walk_m_2_3.png",
	            "cloth11101_walk_m_2_4.png",
	            "cloth11101_walk_m_2_5.png"
	        ],
	        "CX": [35, 35, 35, 35, 35, 35],
            "CY": [26, 26, 26, 26, 26, 26]
	    }
	   
	},
	
	"D": {
	    "Cx": -50,
	    "Cy": -74,
	    "Cloth": {
	        "IMG": [
	            "cloth11101_walk_3_0.png",
	            "cloth11101_walk_3_1.png",
	            "cloth11101_walk_3_2.png",
	            "cloth11101_walk_3_3.png",
	            "cloth11101_walk_3_4.png",
	            "cloth11101_walk_3_5.png"
	        ],
	        "CX": [24, 24, 24, 24, 24, 24],
            "CY": [15, 15, 15, 15, 15, 15]
	    },
	    "Cloth_m": {
	        "IMG": [
	            "cloth11101_walk_m_3_0.png",
	            "cloth11101_walk_m_3_1.png",
	            "cloth11101_walk_m_3_2.png",
	            "cloth11101_walk_m_3_3.png",
	            "cloth11101_walk_m_3_4.png",
	            "cloth11101_walk_m_3_5.png"
	        ],
	        "CX": [34, 34, 34, 32, 33, 34],
            "CY": [28, 28, 28, 28, 27, 28]
	    }
	    
	},
    
	"LOSE": {
        "Cx": -50,
        "Cy": -74,
        "Cloth": {
            "IMG": [
                "cloth11101_lose_0_0.png",
                "cloth11101_lose_0_1.png",
                "cloth11101_lose_0_2.png",
                "cloth11101_lose_0_3.png"
            ],
            "CX": [24, 24, 24, 24],
            "CY": [15, 22, 37, 45]
        },
        "Cloth_m": {
            "IMG": [
                "cloth11101_lose_m_0_0.png",
                "cloth11101_lose_m_0_1.png",
                "cloth11101_lose_m_0_2.png",
                "cloth11101_lose_m_0_3.png"
            ],
            "CX": [34, 34, 36, 36],
            "CY": [28, 35, 67, 70]
        }
    },

    "INTERVAL": 100
}