{

    "NAME": "Character10301",

    "STAND_R": {
        "Cx": -50,
        "Cy": -74,
        "Body": {
            "IMG": [
                "body1_stand_0_0.png"
            ],
            "CX": [41],
            "CY": [62]
        },
        "Cloth": {
            "IMG": [
                "cloth10301_stand_0_0.png"
            ],
            "CX": [39],
            "CY": [60]
        },
        "Cloth_m": {
            "IMG": [
                "cloth10301_stand_m_0_0.png"
            ],
            "CX": [39],
            "CY": [64]
        },
        "Face": {
            "IMG": [
                "Face10301_stand_0_0.png"
            ],
            "CX": [34],
            "CY": [29]
        },
        "Hair": {
            "IMG": [
                "Hair10301_stand_0_0.png"
            ],
            "CX": [28],
            "CY": [25]
        },
        "Hair_m": {
            "IMG": [
                "Hair10301_stand_m_0_0.png"
            ],
            "CX": [28],
            "CY": [25]
        },
        "Npack": {
            "IMG": [
                "npack10301_stand_0_0.png",
                "npack10301_stand_0_1.png",
                "npack10301_stand_0_2.png",
                "npack10301_stand_0_3.png",
                "npack10301_stand_0_4.png",
                "npack10301_stand_0_5.png"
            ],
            "CX": [26, 25, 26, 26, 25, 26],
            "CY": [61, 61, 60, 61, 61, 60]
        },
        "Cap": {
            "IMG": [
                "Cap10301_stand_0_0.png"
            ],
            "CX": [37],
            "CY": [25]
        },
        "Cap_m": {
            "IMG": [
                "cap10301_stand_m_0_0.png"
            ],
            "CX": [37],
            "CY": [25]
        }
    },

    "STAND_U": {
        "Cx": -50,
        "Cy": -74,
        "Body": {
            "IMG": [
                "body1_stand_1_0.png"
            ],
            "CX": [37],
            "CY": [61]
        },
        "Cloth": {
            "IMG": [
                "cloth10301_stand_1_0.png"
            ],
            "CX": [37],
            "CY": [60]
        },
        "Cloth_m": {
            "IMG": [
                "cloth10301_stand_m_1_0.png"
            ],
            "CX": [37],
            "CY": [64]
        },
        "Face": {
            "IMG": [
                "Face10301_stand_1_0.png"
            ],
            "CX": [32],
            "CY": [28]
        },
        "Hair": {
            "IMG": [
                "Hair10301_stand_1_0.png"
            ],
            "CX": [29],
            "CY": [25]
        },
        "Hair_m": {
            "IMG": [
                "Hair10301_stand_m_1_0.png"
            ],
            "CX": [29],
            "CY": [25]
        },
        "Npack": {
            "IMG": [
                "npack10301_stand_1_0.png",
                "npack10301_stand_1_1.png",
                "npack10301_stand_1_2.png",
                "npack10301_stand_1_3.png",
                "npack10301_stand_1_4.png",
                "npack10301_stand_1_5.png"
            ],
            "CX": [31, 33, 33, 31, 33, 33],
            "CY": [64, 63, 63, 64, 63, 63]
        },
        "Cap": {
            "IMG": [
                "Cap10301_stand_1_0.png"
            ],
            "CX": [27],
            "CY": [25]
        },
        "Cap_m": {
            "IMG": [
                "cap10301_stand_m_1_0.png"
            ],
            "CX": [27],
            "CY": [25]
        }
    },

    "STAND_L": {
        "Cx": -50,
        "Cy": -74,
        "Body": {
            "IMG": [
                "body1_stand_2_0.png"
            ],
            "CX": [41],
            "CY": [62]
        },
        "Cloth": {
            "IMG": [
                "cloth10301_stand_2_0.png"
            ],
            "CX": [35],
            "CY": [60]
        },
        "Cloth_m": {
            "IMG": [
                "cloth10301_stand_m_2_0.png"
            ],
            "CX": [39],
            "CY": [64]
        },
        "Face": {
            "IMG": [
                "Face10301_stand_2_0.png"
            ],
            "CX": [34],
            "CY": [29]
        },
        "Hair": {
            "IMG": [
                "Hair10301_stand_2_0.png"
            ],
            "CX": [32],
            "CY": [25]
        },
        "Hair_m": {
            "IMG": [
                "Hair10301_stand_m_2_0.png"
            ],
            "CX": [32],
            "CY": [25]
        },
        "Npack": {
            "IMG": [
                "npack10301_stand_2_0.png",
                "npack10301_stand_2_1.png",
                "npack10301_stand_2_2.png",
                "npack10301_stand_2_3.png",
                "npack10301_stand_2_4.png",
                "npack10301_stand_2_5.png"
            ],
            "CX": [56, 56, 56, 56, 56, 56],
            "CY": [61, 61, 60, 61, 61, 60]
        },
        "Cap": {
            "IMG": [
                "Cap10301_stand_2_0.png"
            ],
            "CX": [51],
            "CY": [25]
        },
        "Cap_m": {
            "IMG": [
                "cap10301_stand_m_2_0.png"
            ],
            "CX": [51],
            "CY": [25]
        }
    },

    "STAND_D": {
        "Cx": -50,
        "Cy": -74,
        "Body": {
            "IMG": [
                "body1_stand_3_0.png"
            ],
            "CX": [37],
            "CY": [61]
        },
        "Cloth": {
            "IMG": [
                "cloth10301_stand_3_0.png"
            ],
            "CX": [37],
            "CY": [60]
        },
        "Cloth_m": {
            "IMG": [
                "cloth10301_stand_m_3_0.png"
            ],
            "CX": [37],
            "CY": [64]
        },
        "Face": {
            "IMG": [
                "Face10301_stand_3_0.png"
            ],
            "CX": [32],
            "CY": [28]
        },
        "Hair": {
            "IMG": [
                "Hair10301_stand_3_0.png"
            ],
            "CX": [29],
            "CY": [25]
        },
        "Hair_m": {
            "IMG": [
                "Hair10301_stand_m_3_0.png"
            ],
            "CX": [29],
            "CY": [25]
        },
        "Npack": {
            "IMG": [
                "npack10301_stand_3_0.png",
                "npack10301_stand_3_1.png",
                "npack10301_stand_3_2.png",
                "npack10301_stand_3_3.png",
                "npack10301_stand_3_4.png",
                "npack10301_stand_3_5.png"
            ],
            "CX": [31, 33, 33, 31, 33, 33],
            "CY": [63, 62, 62, 63, 62, 62]
        },
        "Cap": {
            "IMG": [
                "Cap10301_stand_3_0.png"
            ],
            "CX": [27],
            "CY": [25]
        },
        "Cap_m": {
            "IMG": [
                "cap10301_stand_m_3_0.png"
            ],
            "CX": [27],
            "CY": [25]
        }
    },

    "R": {
        "Cx": -50,
        "Cy": -74,
        "Body": {
            "IMG": [
                "body1_walk_0_0.png",
                "body1_walk_0_1.png",
                "body1_walk_0_2.png",
                "body1_walk_0_3.png",
                "body1_walk_0_4.png",
                "body1_walk_0_5.png"
            ],
            "CX": [41, 41, 39, 41, 41, 39],
            "CY": [62, 62, 62, 62, 62, 62]
        },
        "Cloth": {
            "IMG": [
                "cloth10301_walk_0_0.png",
                "cloth10301_walk_0_1.png",
                "cloth10301_walk_0_2.png",
                "cloth10301_walk_0_3.png",
                "cloth10301_walk_0_4.png",
                "cloth10301_walk_0_5.png"
            ],
            "CX": [39, 39, 38, 39, 38, 38],
            "CY": [60, 60, 60, 60, 60, 60]
        },
        "Cloth_m": {
            "IMG": [
                "cloth10301_walk_m_0_0.png",
                "cloth10301_walk_m_0_1.png",
                "cloth10301_walk_m_0_2.png",
                "cloth10301_walk_m_0_3.png",
                "cloth10301_walk_m_0_4.png",
                "cloth10301_walk_m_0_5.png"
            ],
            "CX": [39, 39, 38, 39, 38, 38],
            "CY": [64, 64, 64, 64, 64, 64]
        },
        "Face": {
            "IMG": [
                "Face10301_walk_0_0.png",
                "Face10301_walk_0_1.png",
                "Face10301_walk_0_2.png",
                "Face10301_walk_0_3.png",
                "Face10301_walk_0_4.png",
                "Face10301_walk_0_5.png"
            ],
            "CX": [34, 34, 34, 34, 34, 34],
            "CY": [29, 29, 29, 29, 29, 29]
        },
        "Hair": {
            "IMG": [
                "Hair10301_walk_0_0.png",
                "Hair10301_walk_0_1.png",
                "Hair10301_walk_0_2.png",
                "Hair10301_walk_0_3.png",
                "Hair10301_walk_0_4.png",
                "Hair10301_walk_0_5.png"
            ],
            "CX": [28, 28, 28, 28, 28, 28],
            "CY": [25, 25, 25, 25, 25, 25]
        },
        "Hair_m": {
            "IMG": [
                "Hair10301_walk_m_0_0.png",
                "Hair10301_walk_m_0_1.png",
                "Hair10301_walk_m_0_2.png",
                "Hair10301_walk_m_0_3.png",
                "Hair10301_walk_m_0_4.png",
                "Hair10301_walk_m_0_5.png"
            ],
            "CX": [28, 28, 28, 28, 28, 28],
            "CY": [25, 25, 25, 25, 25, 25]
        },
        "Npack": {
            "IMG": [
                "npack10301_walk_0_0.png",
                "npack10301_walk_0_1.png",
                "npack10301_walk_0_2.png",
                "npack10301_walk_0_3.png",
                "npack10301_walk_0_4.png",
                "npack10301_walk_0_5.png"
            ],
            "CX": [26, 25, 26, 26, 25, 26],
            "CY": [61, 61, 60, 61, 61, 60]
        },
        "Cap": {
            "IMG": [
                "Cap10301_walk_0_0.png",
                "Cap10301_walk_0_1.png",
                "Cap10301_walk_0_2.png",
                "Cap10301_walk_0_3.png",
                "Cap10301_walk_0_4.png",
                "Cap10301_walk_0_5.png"
            ],
            "CX": [37, 38, 39, 37, 36, 35],
            "CY": [25, 25, 25, 25, 25, 25]
        },
        "Cap_m": {
            "IMG": [
                "cap10301_walk_m_0_0.png",
                "cap10301_walk_m_0_1.png",
                "cap10301_walk_m_0_2.png",
                "cap10301_walk_m_0_3.png",
                "cap10301_walk_m_0_4.png",
                "cap10301_walk_m_0_5.png"
            ],
            "CX": [37, 38, 39, 37, 36, 35],
            "CY": [25, 25, 25, 25, 25, 25]
        }
    },

    "U": {
        "Cx": -50,
        "Cy": -74,
        "Body": {
            "IMG": [
                "body1_walk_1_0.png",
                "body1_walk_1_1.png",
                "body1_walk_1_2.png",
                "body1_walk_1_3.png",
                "body1_walk_1_4.png",
                "body1_walk_1_5.png"
            ],
            "CX": [37, 37, 38, 37, 37, 40],
            "CY": [61, 61, 61, 61, 61, 61]
        },
        "Cloth": {
            "IMG": [
                "cloth10301_walk_1_0.png",
                "cloth10301_walk_1_1.png",
                "cloth10301_walk_1_2.png",
                "cloth10301_walk_1_3.png",
                "cloth10301_walk_1_4.png",
                "cloth10301_walk_1_5.png"
            ],
            "CX": [37, 37, 37, 37, 37, 39],
            "CY": [60, 60, 60, 60, 60, 60]
        },
        "Cloth_m": {
            "IMG": [
                "cloth10301_walk_m_1_0.png",
                "cloth10301_walk_m_1_1.png",
                "cloth10301_walk_m_1_2.png",
                "cloth10301_walk_m_1_3.png",
                "cloth10301_walk_m_1_4.png",
                "cloth10301_walk_m_1_5.png"
            ],
            "CX": [37, 37, 37, 37, 37, 39],
            "CY": [64, 64, 63, 64, 64, 63]
        },
        "Face": {
            "IMG": [
                "Face10301_walk_1_0.png",
                "Face10301_walk_1_1.png",
                "Face10301_walk_1_2.png",
                "Face10301_walk_1_3.png",
                "Face10301_walk_1_4.png",
                "Face10301_walk_1_5.png"
            ],
            "CX": [32, 33, 34, 32, 33, 34],
            "CY": [28, 28, 28, 28, 28, 28]
        },
        "Hair": {
            "IMG": [
                "Hair10301_walk_1_0.png",
                "Hair10301_walk_1_1.png",
                "Hair10301_walk_1_2.png",
                "Hair10301_walk_1_3.png",
                "Hair10301_walk_1_4.png",
                "Hair10301_walk_1_5.png"
            ],
            "CX": [29, 29, 29, 29, 30, 30],
            "CY": [25, 25, 25, 25, 25, 25]
        },
        "Hair_m": {
            "IMG": [
                "Hair10301_walk_m_1_0.png",
                "Hair10301_walk_m_1_1.png",
                "Hair10301_walk_m_1_2.png",
                "Hair10301_walk_m_1_3.png",
                "Hair10301_walk_m_1_4.png",
                "Hair10301_walk_m_1_5.png"
            ],
            "CX": [29, 29, 29, 29, 30, 30],
            "CY": [25, 25, 25, 25, 25, 25]
        },
        "Npack": {
            "IMG": [
                "npack10301_walk_1_0.png",
                "npack10301_walk_1_1.png",
                "npack10301_walk_1_2.png",
                "npack10301_walk_1_3.png",
                "npack10301_walk_1_4.png",
                "npack10301_walk_1_5.png"
            ],
            "CX": [31, 33, 33, 31, 33, 33],
            "CY": [64, 63, 63, 64, 63, 63]
        },
        "Cap": {
            "IMG": [
                "Cap10301_walk_1_0.png",
                "Cap10301_walk_1_1.png",
                "Cap10301_walk_1_2.png",
                "Cap10301_walk_1_3.png",
                "Cap10301_walk_1_4.png",
                "Cap10301_walk_1_5.png"
            ],
            "CX": [27, 28, 29, 27, 28, 29],
            "CY": [25, 25, 25, 25, 25, 25]
        },
        "Cap_m": {
            "IMG": [
                "cap10301_walk_m_1_0.png",
                "cap10301_walk_m_1_1.png",
                "cap10301_walk_m_1_2.png",
                "cap10301_walk_m_1_3.png",
                "cap10301_walk_m_1_4.png",
                "cap10301_walk_m_1_5.png"
            ],
            "CX": [27, 28, 29, 27, 28, 29],
            "CY": [25, 25, 25, 25, 25, 25]
        }
    },

    "L": {
        "Cx": -50,
        "Cy": -74,
        "Body": {
            "IMG": [
                "body1_walk_2_0.png",
                "body1_walk_2_1.png",
                "body1_walk_2_2.png",
                "body1_walk_2_3.png",
                "body1_walk_2_4.png",
                "body1_walk_2_5.png"
            ],
            "CX": [41, 41, 39, 41, 41, 39],
            "CY": [62, 62, 62, 62, 62, 62]
        },
        "Cloth": {
            "IMG": [
                "cloth10301_walk_2_0.png",
                "cloth10301_walk_2_1.png",
                "cloth10301_walk_2_2.png",
                "cloth10301_walk_2_3.png",
                "cloth10301_walk_2_4.png",
                "cloth10301_walk_2_5.png"
            ],
            "CX": [35, 35, 35, 35, 35, 35],
            "CY": [60, 60, 60, 60, 60, 60]
        },
        "Cloth_m": {
            "IMG": [
                "cloth10301_walk_m_2_0.png",
                "cloth10301_walk_m_2_1.png",
                "cloth10301_walk_m_2_2.png",
                "cloth10301_walk_m_2_3.png",
                "cloth10301_walk_m_2_4.png",
                "cloth10301_walk_m_2_5.png"
            ],
            "CX": [39, 38, 39, 39, 39, 39],
            "CY": [64, 64, 64, 64, 64, 64]
        },
        "Face": {
            "IMG": [
                "Face10301_walk_2_0.png",
                "Face10301_walk_2_1.png",
                "Face10301_walk_2_2.png",
                "Face10301_walk_2_3.png",
                "Face10301_walk_2_4.png",
                "Face10301_walk_2_5.png"
            ],
            "CX": [34, 34, 34, 34, 34, 34],
            "CY": [29, 29, 29, 29, 29, 29]
        },
        "Hair": {
            "IMG": [
                "Hair10301_walk_2_0.png",
                "Hair10301_walk_2_1.png",
                "Hair10301_walk_2_2.png",
                "Hair10301_walk_2_3.png",
                "Hair10301_walk_2_4.png",
                "Hair10301_walk_2_5.png"
            ],
            "CX": [32, 32, 32, 32, 32, 32],
            "CY": [25, 25, 25, 25, 25, 25]
        },
        "Hair_m": {
            "IMG": [
                "Hair10301_walk_m_2_0.png",
                "Hair10301_walk_m_2_1.png",
                "Hair10301_walk_m_2_2.png",
                "Hair10301_walk_m_2_3.png",
                "Hair10301_walk_m_2_4.png",
                "Hair10301_walk_m_2_5.png"
            ],
            "CX": [32, 32, 32, 32, 32, 32],
            "CY": [25, 25, 25, 25, 25, 25]
        },
        "Npack": {
            "IMG": [
                "npack10301_walk_2_0.png",
                "npack10301_walk_2_1.png",
                "npack10301_walk_2_2.png",
                "npack10301_walk_2_3.png",
                "npack10301_walk_2_4.png",
                "npack10301_walk_2_5.png"
            ],
            "CX": [56, 56, 56, 56, 56, 56],
            "CY": [61, 61, 60, 61, 61, 60]
        },
        "Cap": {
            "IMG": [
                "Cap10301_walk_2_0.png",
                "Cap10301_walk_2_1.png",
                "Cap10301_walk_2_2.png",
                "Cap10301_walk_2_3.png",
                "Cap10301_walk_2_4.png",
                "Cap10301_walk_2_5.png"
            ],
            "CX": [51, 50, 49, 51, 52, 53],
            "CY": [25, 25, 25, 25, 25, 25]
        },
        "Cap_m": {
            "IMG": [
                "cap10301_walk_m_2_0.png",
                "cap10301_walk_m_2_1.png",
                "cap10301_walk_m_2_2.png",
                "cap10301_walk_m_2_3.png",
                "cap10301_walk_m_2_4.png",
                "cap10301_walk_m_2_5.png"
            ],
            "CX": [51, 50, 49, 51, 52, 53],
            "CY": [25, 25, 25, 25, 25, 25]
        }
    },

    "D": {
        "Cx": -50,
        "Cy": -74,
        "Body": {
            "IMG": [
                "body1_walk_3_0.png",
                "body1_walk_3_1.png",
                "body1_walk_3_2.png",
                "body1_walk_3_3.png",
                "body1_walk_3_4.png",
                "body1_walk_3_5.png"
            ],
            "CX": [37, 37, 38, 37, 37, 40],
            "CY": [61, 61, 61, 61, 61, 61]
        },
        "Cloth": {
            "IMG": [
                "cloth10301_walk_3_0.png",
                "cloth10301_walk_3_1.png",
                "cloth10301_walk_3_2.png",
                "cloth10301_walk_3_3.png",
                "cloth10301_walk_3_4.png",
                "cloth10301_walk_3_5.png"
            ],
            "CX": [37, 37, 39, 37, 37, 39],
            "CY": [60, 60, 60, 60, 60, 60]
        },
        "Cloth_m": {
            "IMG": [
                "cloth10301_walk_m_3_0.png",
                "cloth10301_walk_m_3_1.png",
                "cloth10301_walk_m_3_2.png",
                "cloth10301_walk_m_3_3.png",
                "cloth10301_walk_m_3_4.png",
                "cloth10301_walk_m_3_5.png"
            ],
            "CX": [37, 37, 39, 37, 37, 39],
            "CY": [64, 64, 64, 64, 64, 64]
        },
        "Face": {
            "IMG": [
                "Face10301_walk_3_0.png",
                "Face10301_walk_3_1.png",
                "Face10301_walk_3_2.png",
                "Face10301_walk_3_3.png",
                "Face10301_walk_3_4.png",
                "Face10301_walk_3_5.png"
            ],
            "CX": [32, 33, 34, 32, 32, 33],
            "CY": [28, 28, 28, 28, 28, 28]
        },
        "Hair": {
            "IMG": [
                "Hair10301_walk_3_0.png",
                "Hair10301_walk_3_1.png",
                "Hair10301_walk_3_2.png",
                "Hair10301_walk_3_3.png",
                "Hair10301_walk_3_4.png",
                "Hair10301_walk_3_5.png"
            ],
            "CX": [29, 30, 30, 29, 29, 28],
            "CY": [25, 25, 25, 25, 25, 25]
        },
        "Hair_m": {
            "IMG": [
                "Hair10301_walk_m_3_0.png",
                "Hair10301_walk_m_3_1.png",
                "Hair10301_walk_m_3_2.png",
                "Hair10301_walk_m_3_3.png",
                "Hair10301_walk_m_3_4.png",
                "Hair10301_walk_m_3_5.png"
            ],
            "CX": [29, 30, 30, 29, 29, 28],
            "CY": [25, 25, 25, 25, 25, 25]
        },
        "Npack": {
            "IMG": [
                "npack10301_walk_3_0.png",
                "npack10301_walk_3_1.png",
                "npack10301_walk_3_2.png",
                "npack10301_walk_3_3.png",
                "npack10301_walk_3_4.png",
                "npack10301_walk_3_5.png"
            ],
            "CX": [31, 33, 33, 31, 33, 33],
            "CY": [63, 62, 62, 63, 62, 62]
        },
        "Cap": {
            "IMG": [
                "Cap10301_walk_3_0.png",
                "Cap10301_walk_3_1.png",
                "Cap10301_walk_3_2.png",
                "Cap10301_walk_3_3.png",
                "Cap10301_walk_3_4.png",
                "Cap10301_walk_3_5.png"
            ],
            "CX": [27, 28, 29, 27, 28, 29],
            "CY": [25, 25, 25, 25, 25, 26]
        },
        "Cap_m": {
            "IMG": [
                "cap10301_walk_m_3_0.png",
                "cap10301_walk_m_3_1.png",
                "cap10301_walk_m_3_2.png",
                "cap10301_walk_m_3_3.png",
                "cap10301_walk_m_3_4.png",
                "cap10301_walk_m_3_5.png"
            ],
            "CX": [27, 28, 29, 27, 28, 29],
            "CY": [25, 25, 25, 25, 25, 26]
        }
    },

    "LOSE": {
        "Cx": -50,
        "Cy": -74,
        "Cloth": {
            "IMG": [
                "cloth10301_lose_0_0.png",
                "cloth10301_lose_0_1.png"
            ],
            "CX": [19, 22],
            "CY": [28, 27]
        },
        "Cloth_m": {
            "IMG": [
                "cloth10301_lose_m_0_0.png",
                "cloth10301_lose_m_0_1.png"
            ],
            "CX": [26, 26],
            "CY": [28, 27]
        }
    },

    "INTERVAL": 100
}