{

    "NAME": "Character18805",

    "STAND_R": {
        "Len": 6,
        "Cx": -50,
        "Cy": -74,
        "Cloth": {
            "IMG": [
                "cloth18805_stand_0_0.png",
                "cloth18805_stand_0_1.png",
                "cloth18805_stand_0_2.png",
                "cloth18805_stand_0_3.png",
                "cloth18805_stand_0_4.png",
                "cloth18805_stand_0_5.png"
            ],
            "CX": [11, 10, 11, 10, 11, 10],
            "CY": [36, 35, 36, 35, 36, 35]
        }
    },

    "STAND_U": {
        "Len": 6,
        "Cx": -50,
        "Cy": -74,
        "Cloth": {
            "IMG": [
                "cloth18805_stand_0_0.png",
                "cloth18805_stand_0_1.png",
                "cloth18805_stand_0_2.png",
                "cloth18805_stand_0_3.png",
                "cloth18805_stand_0_4.png",
                "cloth18805_stand_0_5.png"
            ],
            "CX": [11, 10, 11, 10, 11, 10],
            "CY": [36, 35, 36, 35, 36, 35]
        }
    },

    "STAND_L": {
        "Len": 6,
        "Cx": -50,
        "Cy": -74,
        "Cloth": {
            "IMG": [
                "cloth18805_stand_0_0.png",
                "cloth18805_stand_0_1.png",
                "cloth18805_stand_0_2.png",
                "cloth18805_stand_0_3.png",
                "cloth18805_stand_0_4.png",
                "cloth18805_stand_0_5.png"
            ],
            "CX": [11, 10, 11, 10, 11, 10],
            "CY": [36, 35, 36, 35, 36, 35]
        }
    },

    "STAND_D": {
        "Len": 6,
        "Cx": -50,
        "Cy": -74,
        "Cloth": {
            "IMG": [
                "cloth18805_stand_0_0.png",
                "cloth18805_stand_0_1.png",
                "cloth18805_stand_0_2.png",
                "cloth18805_stand_0_3.png",
                "cloth18805_stand_0_4.png",
                "cloth18805_stand_0_5.png"
            ],
            "CX": [11, 10, 11, 10, 11, 10],
            "CY": [36, 35, 36, 35, 36, 35]
        }
    },

    "R": {
        "Len": 6,
        "Cx": -50,
        "Cy": -74,
        "Cloth": {
            "IMG": [
                "cloth18805_walk_0_0.png",
                "cloth18805_walk_0_1.png",
                "cloth18805_walk_0_2.png",
                "cloth18805_walk_0_3.png",
                "cloth18805_walk_0_4.png",
                "cloth18805_walk_0_5.png"
            ],
            "CX": [23, 23, 23, 23, 23, 23],
            "CY": [31, 30, 31, 30, 31, 30]
        }
    },

    "U": {
        "Len": 6,
        "Cx": -50,
        "Cy": -74,
        "Cloth": {
            "IMG": [
                "cloth18805_walk_1_0.png",
                "cloth18805_walk_1_1.png",
                "cloth18805_walk_1_2.png",
                "cloth18805_walk_1_3.png",
                "cloth18805_walk_1_4.png",
                "cloth18805_walk_1_5.png"
            ],
            "CX": [11, 10, 11, 10, 11, 10],
            "CY": [35, 34, 35, 34, 35, 34]
        }
    },

    "L": {
        "Len": 6,
        "Cx": -50,
        "Cy": -74,
        "Cloth": {
            "IMG": [
                "cloth18805_walk_2_0.png",
                "cloth18805_walk_2_1.png",
                "cloth18805_walk_2_2.png",
                "cloth18805_walk_2_3.png",
                "cloth18805_walk_2_4.png",
                "cloth18805_walk_2_5.png"
            ],
            "CX": [23, 23, 23, 23, 23, 23],
            "CY": [31, 30, 31, 30, 31, 30]
        }
    },

    "D": {
        "Len": 6,
        "Cx": -50,
        "Cy": -74,
        "Cloth": {
            "IMG": [
                "cloth18805_walk_3_0.png",
                "cloth18805_walk_3_1.png",
                "cloth18805_walk_3_2.png",
                "cloth18805_walk_3_3.png",
                "cloth18805_walk_3_4.png",
                "cloth18805_walk_3_5.png"
            ],
            "CX": [11, 10, 11, 10, 11, 10],
            "CY": [36, 35, 36, 35, 36, 35]
        }
    },

    "INTERVAL": 200
}