{

    "NAME": "Character17501",

    "STAND_R": {
        "Len": 6,
        "Cx": -50,
        "Cy": -74,
        "Cloth": {
            "IMG": [
                "cloth17501_stand_0_0.png",
                "cloth17501_stand_0_1.png",
                "cloth17501_stand_0_2.png",
                "cloth17501_stand_0_3.png",
                "cloth17501_stand_0_4.png",
                "cloth17501_stand_0_5.png"
            ],
            "CX": [21, 21, 21, 21, 21, 21],
            "CY": [12, 10, 9, 10, 12, 13]
        }
    },

    "STAND_U": {
        "Len": 6,
        "Cx": -50,
        "Cy": -74,
        "Cloth": {
            "IMG": [
                "cloth17501_stand_0_0.png",
                "cloth17501_stand_0_1.png",
                "cloth17501_stand_0_2.png",
                "cloth17501_stand_0_3.png",
                "cloth17501_stand_0_4.png",
                "cloth17501_stand_0_5.png"
            ],
            "CX": [21, 21, 21, 21, 21, 21],
            "CY": [12, 10, 9, 10, 12, 13]
        }
    },

    "STAND_L": {
        "Len": 6,
        "Cx": -50,
        "Cy": -74,
        "Cloth": {
            "IMG": [
                "cloth17501_stand_0_0.png",
                "cloth17501_stand_0_1.png",
                "cloth17501_stand_0_2.png",
                "cloth17501_stand_0_3.png",
                "cloth17501_stand_0_4.png",
                "cloth17501_stand_0_5.png"
            ],
            "CX": [21, 21, 21, 21, 21, 21],
            "CY": [12, 10, 9, 10, 12, 13]
        }
    },

    "STAND_D": {
        "Len": 6,
        "Cx": -50,
        "Cy": -74,
        "Cloth": {
            "IMG": [
                "cloth17501_stand_0_0.png",
                "cloth17501_stand_0_1.png",
                "cloth17501_stand_0_2.png",
                "cloth17501_stand_0_3.png",
                "cloth17501_stand_0_4.png",
                "cloth17501_stand_0_5.png"
            ],
            "CX": [21, 21, 21, 21, 21, 21],
            "CY": [12, 10, 9, 10, 12, 13]
        }
    },

    "R": {
        "Len": 6,
        "Cx": -50,
        "Cy": -74,
        "Cloth": {
            "IMG": [
                "cloth17501_walk_0_0.png",
                "cloth17501_walk_0_1.png",
                "cloth17501_walk_0_2.png",
                "cloth17501_walk_0_3.png",
                "cloth17501_walk_0_4.png",
                "cloth17501_walk_0_5.png"
            ],
            "CX": [29, 29, 29, 29, 29, 29],
            "CY": [17, 15, 13, 15, 17, 17]
        }
    },

    "U": {
        "Len": 6,
        "Cx": -50,
        "Cy": -74,
        "Cloth": {
            "IMG": [
                "cloth17501_walk_1_0.png",
                "cloth17501_walk_1_1.png",
                "cloth17501_walk_1_2.png",
                "cloth17501_walk_1_3.png",
                "cloth17501_walk_1_4.png",
                "cloth17501_walk_1_5.png"
            ],
            "CX": [24, 24, 24, 24, 24, 24],
            "CY": [12, 10, 9, 10, 12, 13]
        }
    },

    "L": {
        "Len": 6,
        "Cx": -50,
        "Cy": -74,
        "Cloth": {
            "IMG": [
                "cloth17501_walk_2_0.png",
                "cloth17501_walk_2_1.png",
                "cloth17501_walk_2_2.png",
                "cloth17501_walk_2_3.png",
                "cloth17501_walk_2_4.png",
                "cloth17501_walk_2_5.png"
            ],
            "CX": [19, 19, 19, 19, 19, 19],
            "CY": [17, 15, 13, 15, 17, 17]
        }
    },

    "D": {
        "Len": 6,
        "Cx": -50,
        "Cy": -74,
        "Cloth": {
            "IMG": [
                "cloth17501_walk_3_0.png",
                "cloth17501_walk_3_1.png",
                "cloth17501_walk_3_2.png",
                "cloth17501_walk_3_3.png",
                "cloth17501_walk_3_4.png",
                "cloth17501_walk_3_5.png"
            ],
            "CX": [21, 21, 21, 21, 21, 21],
            "CY": [12, 10, 9, 10, 12, 13]
        }
    },

    "INTERVAL": 200
}