{

    "NAME": "Character18709",

    "STAND_R": {
        "Len": 1,
        "Cx": -50,
        "Cy": -74,
        "Cloth": {
            "IMG": [
                "cloth18709_stand_0_0.png"
            ],
            "CX": [10],
            "CY": [12]
        }
    },

    "STAND_U": {
        "Len": 1,
        "Cx": -50,
        "Cy": -74,
        "Cloth": {
            "IMG": [
                "cloth18709_stand_1_0.png"
            ],
            "CX": [10],
            "CY": [9]
        }
    },

    "STAND_L": {
        "Len": 1,
        "Cx": -50,
        "Cy": -74,
        "Cloth": {
            "IMG": [
                "cloth18709_stand_2_0.png"
            ],
            "CX": [29],
            "CY": [12]
        }
    },

    "STAND_D": {
        "Len": 1,
        "Cx": -50,
        "Cy": -74,
        "Cloth": {
            "IMG": [
                "cloth18709_stand_3_0.png"
            ],
            "CX": [10],
            "CY": [14]
        }
    },

    "R": {
        "Len": 6,
        "Cx": -50,
        "Cy": -74,
        "Cloth": {
            "IMG": [
                "cloth18709_walk_0_0.png",
                "cloth18709_walk_0_1.png",
                "cloth18709_walk_0_2.png",
                "cloth18709_walk_0_3.png",
                "cloth18709_walk_0_4.png",
                "cloth18709_walk_0_5.png"
            ],
            "CX": [10, 20, 14, 10, 20, 14],
            "CY": [12, 14, 13, 12, 14, 13]
        }
    },

    "U": {
        "Len": 6,
        "Cx": -50,
        "Cy": -74,
        "Cloth": {
            "IMG": [
                "cloth18709_walk_1_0.png",
                "cloth18709_walk_1_1.png",
                "cloth18709_walk_1_2.png",
                "cloth18709_walk_1_3.png",
                "cloth18709_walk_1_4.png",
                "cloth18709_walk_1_5.png"
            ],
            "CX": [10, 21, 15, 10, 21, 15],
            "CY": [9, 12, 11, 9, 12, 11]
        }
    },

    "L": {
        "Len": 6,
        "Cx": -50,
        "Cy": -74,
        "Cloth": {
            "IMG": [
                "cloth18709_walk_2_0.png",
                "cloth18709_walk_2_1.png",
                "cloth18709_walk_2_2.png",
                "cloth18709_walk_2_3.png",
                "cloth18709_walk_2_4.png",
                "cloth18709_walk_2_5.png"
            ],
            "CX": [29, 18, 27, 29, 18, 27],
            "CY": [12, 14, 13, 12, 14, 13]
        }
    },

    "D": {
        "Len": 6,
        "Cx": -50,
        "Cy": -74,
        "Cloth": {
            "IMG": [
                "cloth18709_walk_3_0.png",
                "cloth18709_walk_3_1.png",
                "cloth18709_walk_3_2.png",
                "cloth18709_walk_3_3.png",
                "cloth18709_walk_3_4.png",
                "cloth18709_walk_3_5.png"
            ],
            "CX": [10, 21, 15, 10, 21, 15],
            "CY": [14, 12, 11, 14, 12, 11]
        }
    },

    "INTERVAL": 200
}