{

    "NAME": "Character17601",

    "STAND_R": {
        "Len": 6,
        "Cx": -50,
        "Cy": -74,
        "Cloth": {
            "IMG": [
                "cloth17601_stand_0_0.png",
                "cloth17601_stand_0_1.png",
                "cloth17601_stand_0_2.png",
                "cloth17601_stand_0_3.png",
                "cloth17601_stand_0_4.png",
                "cloth17601_stand_0_5.png"
            ],
            "CX": [4, 5, 6, 8, 6, 4],
            "CY": [2, 3, 4, 2, 3, 4]
        }
    },

    "STAND_U": {
        "Len": 6,
        "Cx": -50,
        "Cy": -74,
        "Cloth": {
            "IMG": [
                "cloth17601_stand_0_0.png",
                "cloth17601_stand_0_1.png",
                "cloth17601_stand_0_2.png",
                "cloth17601_stand_0_3.png",
                "cloth17601_stand_0_4.png",
                "cloth17601_stand_0_5.png"
            ],
            "CX": [4, 5, 6, 8, 6, 4],
            "CY": [2, 3, 4, 2, 3, 4]
        }
    },

    "STAND_L": {
        "Len": 6,
        "Cx": -50,
        "Cy": -74,
        "Cloth": {
            "IMG": [
                "cloth17601_stand_0_0.png",
                "cloth17601_stand_0_1.png",
                "cloth17601_stand_0_2.png",
                "cloth17601_stand_0_3.png",
                "cloth17601_stand_0_4.png",
                "cloth17601_stand_0_5.png"
            ],
            "CX": [4, 5, 6, 8, 6, 4],
            "CY": [2, 3, 4, 2, 3, 4]
        }
    },

    "STAND_D": {
        "Len": 6,
        "Cx": -50,
        "Cy": -74,
        "Cloth": {
            "IMG": [
                "cloth17601_stand_0_0.png",
                "cloth17601_stand_0_1.png",
                "cloth17601_stand_0_2.png",
                "cloth17601_stand_0_3.png",
                "cloth17601_stand_0_4.png",
                "cloth17601_stand_0_5.png"
            ],
            "CX": [4, 5, 6, 8, 6, 4],
            "CY": [2, 3, 4, 2, 3, 4]
        }
    },

    "R": {
        "Len": 6,
        "Cx": -50,
        "Cy": -74,
        "Cloth": {
            "IMG": [
                "cloth17601_walk_0_0.png",
                "cloth17601_walk_0_1.png",
                "cloth17601_walk_0_2.png",
                "cloth17601_walk_0_3.png",
                "cloth17601_walk_0_4.png",
                "cloth17601_walk_0_5.png"
            ],
            "CX": [21, 20, 21, 21, 20, 16],
            "CY": [0, 0, 1, 0, 0, 1]
        }
    },

    "U": {
        "Len": 6,
        "Cx": -50,
        "Cy": -74,
        "Cloth": {
            "IMG": [
                "cloth17601_walk_1_0.png",
                "cloth17601_walk_1_1.png",
                "cloth17601_walk_1_2.png",
                "cloth17601_walk_1_3.png",
                "cloth17601_walk_1_4.png",
                "cloth17601_walk_1_5.png"
            ],
            "CX": [4, 5, 6, 8, 6, 5],
            "CY": [0, 1, 1, 0, 0, 2]
        }
    },

    "L": {
        "Len": 6,
        "Cx": -50,
        "Cy": -74,
        "Cloth": {
            "IMG": [
                "cloth17601_walk_2_0.png",
                "cloth17601_walk_2_1.png",
                "cloth17601_walk_2_2.png",
                "cloth17601_walk_2_3.png",
                "cloth17601_walk_2_4.png",
                "cloth17601_walk_2_5.png"
            ],
            "CX": [8, 8, 8, 8, 8, 8],
            "CY": [0, 0, 1, 0, 0, 1]
        }
    },

    "D": {
        "Len": 6,
        "Cx": -50,
        "Cy": -74,
        "Cloth": {
            "IMG": [
                "cloth17601_walk_3_0.png",
                "cloth17601_walk_3_1.png",
                "cloth17601_walk_3_2.png",
                "cloth17601_walk_3_3.png",
                "cloth17601_walk_3_4.png",
                "cloth17601_walk_3_5.png"
            ],
            "CX": [4, 5, 6, 8, 6, 4],
            "CY": [2, 3, 4, 2, 3, 4]
        }
    },

    "INTERVAL": 200
}