{

    "NAME": "Character18606",

    "STAND_R": {
        "Len": 6,
        "Cx": -50,
        "Cy": -74,
        "Cloth": {
            "IMG": [
                "cloth18606_stand_0_0.png",
                "cloth18606_stand_0_1.png",
                "cloth18606_stand_0_2.png",
                "cloth18606_stand_0_3.png",
                "cloth18606_stand_0_4.png",
                "cloth18606_stand_0_5.png"
            ],
            "CX": [-38, -44, -50, -44, -38, -40],
            "CY": [-27, -29, -29, -27, -30, -29]
        }
    },

    "STAND_U": {
        "Len": 6,
        "Cx": -50,
        "Cy": -74,
        "Cloth": {
            "IMG": [
                "cloth18606_stand_0_0.png",
                "cloth18606_stand_0_1.png",
                "cloth18606_stand_0_2.png",
                "cloth18606_stand_0_3.png",
                "cloth18606_stand_0_4.png",
                "cloth18606_stand_0_5.png"
            ],
            "CX": [-38, -44, -50, -44, -38, -40],
            "CY": [-27, -29, -29, -27, -30, -29]
        }
    },

    "STAND_L": {
        "Len": 6,
        "Cx": -50,
        "Cy": -74,
        "Cloth": {
            "IMG": [
                "cloth18606_stand_0_0.png",
                "cloth18606_stand_0_1.png",
                "cloth18606_stand_0_2.png",
                "cloth18606_stand_0_3.png",
                "cloth18606_stand_0_4.png",
                "cloth18606_stand_0_5.png"
            ],
            "CX": [-38, -44, -50, -44, -38, -40],
            "CY": [-27, -29, -29, -27, -30, -29]
        }
    },

    "STAND_D": {
        "Len": 6,
        "Cx": -50,
        "Cy": -74,
        "Cloth": {
            "IMG": [
                "cloth18606_stand_0_0.png",
                "cloth18606_stand_0_1.png",
                "cloth18606_stand_0_2.png",
                "cloth18606_stand_0_3.png",
                "cloth18606_stand_0_4.png",
                "cloth18606_stand_0_5.png"
            ],
            "CX": [-38, -44, -50, -44, -38, -40],
            "CY": [-27, -29, -29, -27, -30, -29]
        }
    },

    "R": {
        "Len": 6,
        "Cx": -50,
        "Cy": -74,
        "Cloth": {
            "IMG": [
                "cloth18606_walk_0_0.png",
                "cloth18606_walk_0_1.png",
                "cloth18606_walk_0_2.png",
                "cloth18606_walk_0_3.png",
                "cloth18606_walk_0_4.png",
                "cloth18606_walk_0_5.png"
            ],
            "CX": [-51, -51, -53, -51, -54, -53],
            "CY": [15, 14, 9, 14, 15, 11]
        }
    },

    "U": {
        "Len": 6,
        "Cx": -50,
        "Cy": -74,
        "Cloth": {
            "IMG": [
                "cloth18606_walk_1_0.png",
                "cloth18606_walk_1_1.png",
                "cloth18606_walk_1_2.png",
                "cloth18606_walk_1_3.png",
                "cloth18606_walk_1_4.png",
                "cloth18606_walk_1_5.png"
            ],
            "CX": [-39, -45, -51, -45, -39, -41],
            "CY": [-13, -12, -14, -12, -13, -12]
        }
    },

    "L": {
        "Len": 6,
        "Cx": -50,
        "Cy": -74,
        "Cloth": {
            "IMG": [
                "cloth18606_walk_2_0.png",
                "cloth18606_walk_2_1.png",
                "cloth18606_walk_2_2.png",
                "cloth18606_walk_2_3.png",
                "cloth18606_walk_2_4.png",
                "cloth18606_walk_2_5.png"
            ],
            "CX": [-37, -38, -37, -37, -38, -37],
            "CY": [13, 12, 7, 12, 13, 9]
        }
    },

    "D": {
        "Len": 6,
        "Cx": -50,
        "Cy": -74,
        "Cloth": {
            "IMG": [
                "cloth18606_walk_3_0.png",
                "cloth18606_walk_3_1.png",
                "cloth18606_walk_3_2.png",
                "cloth18606_walk_3_3.png",
                "cloth18606_walk_3_4.png",
                "cloth18606_walk_3_5.png"
            ],
            "CX": [-39, -45, -51, -45, -39, -41],
            "CY": [-27, -29, -29, -27, -30, -29]
        }
    },

    "INTERVAL": 200
}