{

    "NAME": "Character18101",

    "STAND_R": {
        "Len": 6,
        "Cx": -50,
        "Cy": -74,
        "Cloth": {
            "IMG": [
                "cloth18101_stand_0_0.png",
                "cloth18101_stand_0_1.png",
                "cloth18101_stand_0_2.png",
                "cloth18101_stand_0_3.png",
                "cloth18101_stand_0_4.png",
                "cloth18101_stand_0_5.png"
            ],
            "CX": [13, 15, 13, 15, 13, 15],
            "CY": [10, 10, 10, 10, 10, 10]
        }
    },

    "STAND_U": {
        "Len": 6,
        "Cx": -50,
        "Cy": -74,
        "Cloth": {
            "IMG": [
                "cloth18101_stand_0_0.png",
                "cloth18101_stand_0_1.png",
                "cloth18101_stand_0_2.png",
                "cloth18101_stand_0_3.png",
                "cloth18101_stand_0_4.png",
                "cloth18101_stand_0_5.png"
            ],
            "CX": [13, 15, 13, 15, 13, 15],
            "CY": [10, 10, 10, 10, 10, 10]
        }
    },

    "STAND_L": {
        "Len": 6,
        "Cx": -50,
        "Cy": -74,
        "Cloth": {
            "IMG": [
                "cloth18101_stand_0_0.png",
                "cloth18101_stand_0_1.png",
                "cloth18101_stand_0_2.png",
                "cloth18101_stand_0_3.png",
                "cloth18101_stand_0_4.png",
                "cloth18101_stand_0_5.png"
            ],
            "CX": [13, 15, 13, 15, 13, 15],
            "CY": [10, 10, 10, 10, 10, 10]
        }
    },

    "STAND_D": {
        "Len": 6,
        "Cx": -50,
        "Cy": -74,
        "Cloth": {
            "IMG": [
                "cloth18101_stand_0_0.png",
                "cloth18101_stand_0_1.png",
                "cloth18101_stand_0_2.png",
                "cloth18101_stand_0_3.png",
                "cloth18101_stand_0_4.png",
                "cloth18101_stand_0_5.png"
            ],
            "CX": [13, 15, 13, 15, 13, 15],
            "CY": [10, 10, 10, 10, 10, 10]
        }
    },

    "R": {
        "Len": 6,
        "Cx": -50,
        "Cy": -74,
        "Cloth": {
            "IMG": [
                "cloth18101_walk_0_0.png",
                "cloth18101_walk_0_1.png",
                "cloth18101_walk_0_2.png",
                "cloth18101_walk_0_3.png",
                "cloth18101_walk_0_4.png",
                "cloth18101_walk_0_5.png"
            ],
            "CX": [21, 22, 21, 22, 21, 22],
            "CY": [12, 13, 12, 13, 12, 13]
        }
    },

    "U": {
        "Len": 6,
        "Cx": -50,
        "Cy": -74,
        "Cloth": {
            "IMG": [
                "cloth18101_walk_1_0.png",
                "cloth18101_walk_1_1.png",
                "cloth18101_walk_1_2.png",
                "cloth18101_walk_1_3.png",
                "cloth18101_walk_1_4.png",
                "cloth18101_walk_1_5.png"
            ],
            "CX": [10, 10, 10, 10, 10, 10],
            "CY": [10, 10, 10, 10, 10, 10]
        }
    },

    "L": {
        "Len": 6,
        "Cx": -50,
        "Cy": -74,
        "Cloth": {
            "IMG": [
                "cloth18101_walk_2_0.png",
                "cloth18101_walk_2_1.png",
                "cloth18101_walk_2_2.png",
                "cloth18101_walk_2_3.png",
                "cloth18101_walk_2_4.png",
                "cloth18101_walk_2_5.png"
            ],
            "CX": [28, 28, 28, 28, 28, 28],
            "CY": [12, 13, 12, 13, 12, 13]
        }
    },

    "D": {
        "Len": 6,
        "Cx": -50,
        "Cy": -74,
        "Cloth": {
            "IMG": [
                "cloth18101_walk_3_0.png",
                "cloth18101_walk_3_1.png",
                "cloth18101_walk_3_2.png",
                "cloth18101_walk_3_3.png",
                "cloth18101_walk_3_4.png",
                "cloth18101_walk_3_5.png"
            ],
            "CX": [13, 15, 13, 15, 13, 15],
            "CY": [10, 10, 10, 10, 10, 10]
        }
    },

    "INTERVAL": 200
}