{

    "NAME": "Character12201",

    "STAND_R": {
        "Cx": -50,
        "Cy": -74,
        "Leg": {
            "IMG": [
                "leg12201_stand_0_0.png"
            ],
            "CX": [45],
            "CY": [75]
        },
        "Body": {
            "IMG": [
                "body1_stand_0_0.png"
            ],
            "CX": [41],
            "CY": [62]
        },
        "Foot": {
            "IMG": [
                "foot1_stand_0_0.png"
            ],
            "CX": [45],
            "CY": [75]
        },
        "Cloth": {
            "IMG": [
                "cloth12201_stand_0_0.png"
            ],
            "CX": [41],
            "CY": [60]
        },
        "Cloth_m": {
            "IMG": [
                "cloth12201_stand_m_0_0.png"
            ],
            "CX": [41],
            "CY": [70]
        },
        "Face": {
            "IMG": [
                "Face12201_stand_0_0.png"
            ],
            "CX": [34],
            "CY": [29]
        },
        "Hair": {
            "IMG": [
                "hair12201_stand_0_0.png"
            ],
            "CX": [31],
            "CY": [25]
        },
        "Hair_m": {
            "IMG": [
                "hair12201_stand_m_0_0.png"
            ],
            "CX": [31],
            "CY": [25]
        }
    },

    "STAND_U": {
        "Cx": -50,
        "Cy": -74,
        "Leg": {
            "IMG": [
                "leg12201_stand_1_0.png"
            ],
            "CX": [42],
            "CY": [77]
        },
        "Body": {
            "IMG": [
                "body1_stand_1_0.png"
            ],
            "CX": [37],
            "CY": [61]
        },
        "Foot": {
            "IMG": [
                "foot1_stand_1_0.png"
            ],
            "CX": [42],
            "CY": [73]
        },
        "Cloth": {
            "IMG": [
                "cloth12201_stand_1_0.png"
            ],
            "CX": [39],
            "CY": [61]
        },
        "Cloth_m": {
            "IMG": [
                "cloth12201_stand_m_1_0.png"
            ],
            "CX": [41],
            "CY": [70]
        },
        "Face": {
            "IMG": [
                "Face12201_stand_1_0.png"
            ],
            "CX": [32],
            "CY": [28]
        },
        "Hair": {
            "IMG": [
                "hair12201_stand_1_0.png"
            ],
            "CX": [32],
            "CY": [24]
        },
        "Hair_m": {
            "IMG": [
                "hair12201_stand_m_1_0.png"
            ],
            "CX": [32],
            "CY": [24]
        }
    },

    "STAND_L": {
        "Cx": -50,
        "Cy": -74,
        "Leg": {
            "IMG": [
                "leg12201_stand_2_0.png"
            ],
            "CX": [44],
            "CY": [75]
        },
        "Body": {
            "IMG": [
                "body1_stand_2_0.png"
            ],
            "CX": [41],
            "CY": [62]
        },
        "Foot": {
            "IMG": [
                "foot1_stand_2_0.png"
            ],
            "CX": [44],
            "CY": [75]
        },
        "Cloth": {
            "IMG": [
                "cloth12201_stand_2_0.png"
            ],
            "CX": [41],
            "CY": [60]
        },
        "Cloth_m": {
            "IMG": [
                "cloth12201_stand_m_2_0.png"
            ],
            "CX": [41],
            "CY": [70]
        },
        "Face": {
            "IMG": [
                "Face12201_stand_2_0.png"
            ],
            "CX": [34],
            "CY": [29]
        },
        "Hair": {
            "IMG": [
                "hair12201_stand_2_0.png"
            ],
            "CX": [31],
            "CY": [25]
        },
        "Hair_m": {
            "IMG": [
                "hair12201_stand_m_2_0.png"
            ],
            "CX": [31],
            "CY": [25]
        }
    },

    "STAND_D": {
        "Cx": -50,
        "Cy": -74,
        "Leg": {
            "IMG": [
                "leg12201_stand_3_0.png"
            ],
            "CX": [42],
            "CY": [77]
        },
        "Body": {
            "IMG": [
                "body1_stand_3_0.png"
            ],
            "CX": [37],
            "CY": [61]
        },
        "Foot": {
            "IMG": [
                "foot1_stand_3_0.png"
            ],
            "CX": [42],
            "CY": [73]
        },
        "Cloth": {
            "IMG": [
                "cloth12201_stand_3_0.png"
            ],
            "CX": [38],
            "CY": [61]
        },
        "Cloth_m": {
            "IMG": [
                "cloth12201_stand_m_3_0.png"
            ],
            "CX": [41],
            "CY": [70]
        },
        "Face": {
            "IMG": [
                "Face12201_stand_3_0.png"
            ],
            "CX": [32],
            "CY": [28]
        },
        "Hair": {
            "IMG": [
                "hair12201_stand_3_0.png"
            ],
            "CX": [32],
            "CY": [24]
        },
        "Hair_m": {
            "IMG": [
                "hair12201_stand_m_3_0.png"
            ],
            "CX": [32],
            "CY": [24]
        }
    },

    "R": {
        "Cx": -50,
        "Cy": -74,
        "Leg": {
            "IMG": [
                "leg12201_walk_0_0.png",
                "leg12201_walk_0_1.png",
                "leg12201_walk_0_2.png",
                "leg12201_walk_0_3.png",
                "leg12201_walk_0_4.png",
                "leg12201_walk_0_5.png"
            ],
            "CX": [45, 41, 40, 45, 40, 40],
            "CY": [75, 75, 73, 75, 73, 72]
        },
        "Body": {
            "IMG": [
                "body1_walk_0_0.png",
                "body1_walk_0_1.png",
                "body1_walk_0_2.png",
                "body1_walk_0_3.png",
                "body1_walk_0_4.png",
                "body1_walk_0_5.png"
            ],
            "CX": [41, 41, 39, 41, 41, 39],
            "CY": [62, 62, 62, 62, 62, 62]
        },
        "Foot": {
            "IMG": [
                "foot1_walk_0_0.png",
                "foot1_walk_0_1.png",
                "foot1_walk_0_2.png",
                "foot1_walk_0_3.png",
                "foot1_walk_0_4.png",
                "foot1_walk_0_5.png"
            ],
            "CX": [45, 40, 39, 45, 40, 39],
            "CY": [75, 74, 72, 75, 72, 72]
        },
        "Cloth": {
            "IMG": [
                "cloth12201_walk_0_0.png",
                "cloth12201_walk_0_1.png",
                "cloth12201_walk_0_2.png",
                "cloth12201_walk_0_3.png",
                "cloth12201_walk_0_4.png",
                "cloth12201_walk_0_5.png"
            ],
            "CX": [41, 41, 41, 41, 41, 41],
            "CY": [60, 60, 60, 60, 60, 60]
        },
        "Cloth_m": {
            "IMG": [
                "cloth12201_walk_m_0_0.png",
                "cloth12201_walk_m_0_1.png",
                "cloth12201_walk_m_0_2.png",
                "cloth12201_walk_m_0_3.png",
                "cloth12201_walk_m_0_4.png",
                "cloth12201_walk_m_0_5.png"
            ],
            "CX": [41, 41, 41, 41, 41, 41],
            "CY": [70, 70, 70, 70, 70, 70]
        },
        "Face": {
            "IMG": [
                "Face12201_walk_0_0.png",
                "Face12201_walk_0_1.png",
                "Face12201_walk_0_2.png",
                "Face12201_walk_0_3.png",
                "Face12201_walk_0_4.png",
                "Face12201_walk_0_5.png"
            ],
            "CX": [34, 34, 34, 34, 34, 34],
            "CY": [29, 29, 29, 29, 29, 29]
        },
        "Hair": {
            "IMG": [
                "hair12201_walk_0_0.png",
                "hair12201_walk_0_1.png",
                "hair12201_walk_0_2.png",
                "hair12201_walk_0_3.png",
                "hair12201_walk_0_4.png",
                "hair12201_walk_0_5.png"
            ],
            "CX": [31, 31, 31, 31, 31, 31],
            "CY": [25, 25, 25, 25, 25, 25]
        },
        "Hair_m": {
            "IMG": [
                "hair12201_walk_m_0_0.png",
                "hair12201_walk_m_0_1.png",
                "hair12201_walk_m_0_2.png",
                "hair12201_walk_m_0_3.png",
                "hair12201_walk_m_0_4.png",
                "hair12201_walk_m_0_5.png"
            ],
            "CX": [31, 31, 31, 31, 31, 31],
            "CY": [25, 25, 25, 25, 25, 25]
        }
    },

    "U": {
        "Cx": -50,
        "Cy": -74,
        "Leg": {
            "IMG": [
                "leg12201_walk_1_0.png",
                "leg12201_walk_1_1.png",
                "leg12201_walk_1_2.png",
                "leg12201_walk_1_3.png",
                "leg12201_walk_1_4.png",
                "leg12201_walk_1_5.png"
            ],
            "CX": [42, 43, 43, 42, 42, 42],
            "CY": [77, 75, 76, 77, 75, 76]
        },
        "Body": {
            "IMG": [
                "body1_walk_1_0.png",
                "body1_walk_1_1.png",
                "body1_walk_1_2.png",
                "body1_walk_1_3.png",
                "body1_walk_1_4.png",
                "body1_walk_1_5.png"
            ],
            "CX": [37, 37, 38, 37, 37, 40],
            "CY": [61, 61, 61, 61, 61, 61]
        },
        "Foot": {
            "IMG": [
                "foot1_walk_1_0.png",
                "foot1_walk_1_1.png",
                "foot1_walk_1_2.png",
                "foot1_walk_1_3.png",
                "foot1_walk_1_4.png",
                "foot1_walk_1_5.png"
            ],
            "CX": [42, 42, 42, 42, 42, 42],
            "CY": [73, 73, 73, 73, 73, 73]
        },
        "Cloth": {
            "IMG": [
                "cloth12201_walk_1_0.png",
                "cloth12201_walk_1_1.png",
                "cloth12201_walk_1_2.png",
                "cloth12201_walk_1_3.png",
                "cloth12201_walk_1_4.png",
                "cloth12201_walk_1_5.png"
            ],
            "CX": [39, 39, 39, 39, 39, 39],
            "CY": [61, 61, 60, 61, 61, 60]
        },
        "Cloth_m": {
            "IMG": [
                "cloth12201_walk_m_1_0.png",
                "cloth12201_walk_m_1_1.png",
                "cloth12201_walk_m_1_2.png",
                "cloth12201_walk_m_1_3.png",
                "cloth12201_walk_m_1_4.png",
                "cloth12201_walk_m_1_5.png"
            ],
            "CX": [41, 43, 41, 41, 41, 41],
            "CY": [70, 70, 70, 70, 70, 70]
        },
        "Face": {
            "IMG": [
                "Face12201_walk_1_0.png",
                "Face12201_walk_1_1.png",
                "Face12201_walk_1_2.png",
                "Face12201_walk_1_3.png",
                "Face12201_walk_1_4.png",
                "Face12201_walk_1_5.png"
            ],
            "CX": [32, 33, 34, 32, 33, 34],
            "CY": [28, 28, 28, 28, 28, 28]
        },
        "Hair": {
            "IMG": [
                "hair12201_walk_1_0.png",
                "hair12201_walk_1_1.png",
                "hair12201_walk_1_2.png",
                "hair12201_walk_1_3.png",
                "hair12201_walk_1_4.png",
                "hair12201_walk_1_5.png"
            ],
            "CX": [32, 32, 32, 32, 32, 32],
            "CY": [24, 24, 24, 24, 24, 24]
        },
        "Hair_m": {
            "IMG": [
                "hair12201_walk_m_1_0.png",
                "hair12201_walk_m_1_1.png",
                "hair12201_walk_m_1_2.png",
                "hair12201_walk_m_1_3.png",
                "hair12201_walk_m_1_4.png",
                "hair12201_walk_m_1_5.png"
            ],
            "CX": [32, 32, 32, 32, 32, 32],
            "CY": [24, 24, 24, 24, 24, 24]
        }
    },

    "L": {
        "Cx": -50,
        "Cy": -74,
        "Leg": {
            "IMG": [
                "leg12201_walk_2_0.png",
                "leg12201_walk_2_1.png",
                "leg12201_walk_2_2.png",
                "leg12201_walk_2_3.png",
                "leg12201_walk_2_4.png",
                "leg12201_walk_2_5.png"
            ],
            "CX": [44, 39, 40, 44, 40, 41],
            "CY": [75, 75, 73, 75, 73, 72]
        },
        "Body": {
            "IMG": [
                "body1_walk_2_0.png",
                "body1_walk_2_1.png",
                "body1_walk_2_2.png",
                "body1_walk_2_3.png",
                "body1_walk_2_4.png",
                "body1_walk_2_5.png"
            ],
            "CX": [41, 41, 41, 41, 41, 41],
            "CY": [62, 62, 62, 62, 62, 62]
        },
        "Foot": {
            "IMG": [
                "foot1_walk_2_0.png",
                "foot1_walk_2_1.png",
                "foot1_walk_2_2.png",
                "foot1_walk_2_3.png",
                "foot1_walk_2_4.png",
                "foot1_walk_2_5.png"
            ],
            "CX": [44, 39, 40, 44, 39, 39],
            "CY": [75, 74, 72, 75, 72, 72]
        },
        "Cloth": {
            "IMG": [
                "cloth12201_walk_2_0.png",
                "cloth12201_walk_2_1.png",
                "cloth12201_walk_2_2.png",
                "cloth12201_walk_2_3.png",
                "cloth12201_walk_2_4.png",
                "cloth12201_walk_2_5.png"
            ],
            "CX": [41, 41, 41, 41, 41, 41],
            "CY": [60, 60, 60, 60, 60, 60]
        },
        "Cloth_m": {
            "IMG": [
                "cloth12201_walk_m_2_0.png",
                "cloth12201_walk_m_2_1.png",
                "cloth12201_walk_m_2_2.png",
                "cloth12201_walk_m_2_3.png",
                "cloth12201_walk_m_2_4.png",
                "cloth12201_walk_m_2_5.png"
            ],
            "CX": [41, 41, 41, 41, 41, 41],
            "CY": [70, 70, 70, 70, 70, 70]
        },
        "Face": {
            "IMG": [
                "Face12201_walk_2_0.png",
                "Face12201_walk_2_1.png",
                "Face12201_walk_2_2.png",
                "Face12201_walk_2_3.png",
                "Face12201_walk_2_4.png",
                "Face12201_walk_2_5.png"
            ],
            "CX": [34, 34, 34, 34, 34, 34],
            "CY": [29, 29, 29, 29, 29, 29]
        },
        "Hair": {
            "IMG": [
                "hair12201_walk_2_0.png",
                "hair12201_walk_2_1.png",
                "hair12201_walk_2_2.png",
                "hair12201_walk_2_3.png",
                "hair12201_walk_2_4.png",
                "hair12201_walk_2_5.png"
            ],
            "CX": [31, 31, 31, 31, 31, 32],
            "CY": [25, 25, 25, 25, 25, 25]
        },
        "Hair_m": {
            "IMG": [
                "hair12201_walk_m_2_0.png",
                "hair12201_walk_m_2_1.png",
                "hair12201_walk_m_2_2.png",
                "hair12201_walk_m_2_3.png",
                "hair12201_walk_m_2_4.png",
                "hair12201_walk_m_2_5.png"
            ],
            "CX": [31, 31, 31, 31, 31, 32],
            "CY": [25, 25, 25, 25, 25, 25]
        }
    },

    "D": {
        "Cx": -50,
        "Cy": -74,
        "Leg": {
            "IMG": [
                "leg12201_walk_3_0.png",
                "leg12201_walk_3_1.png",
                "leg12201_walk_3_2.png",
                "leg12201_walk_3_3.png",
                "leg12201_walk_3_4.png",
                "leg12201_walk_3_5.png"
            ],
            "CX": [42, 43, 43, 42, 42, 42],
            "CY": [77, 76, 75, 77, 76, 75]
        },
        "Body": {
            "IMG": [
                "body1_walk_3_0.png",
                "body1_walk_3_1.png",
                "body1_walk_3_2.png",
                "body1_walk_3_3.png",
                "body1_walk_3_4.png",
                "body1_walk_3_5.png"
            ],
            "CX": [37, 37, 38, 37, 37, 40],
            "CY": [61, 61, 61, 61, 61, 61]
        },
        "Foot": {
            "IMG": [
                "foot1_walk_3_0.png",
                "foot1_walk_3_1.png",
                "foot1_walk_3_2.png",
                "foot1_walk_3_3.png",
                "foot1_walk_3_4.png",
                "foot1_walk_3_5.png"
            ],
            "CX": [42, 42, 42, 42, 42, 42],
            "CY": [73, 73, 73, 73, 73, 73]
        },
        "Cloth": {
            "IMG": [
                "cloth12201_walk_3_0.png",
                "cloth12201_walk_3_1.png",
                "cloth12201_walk_3_2.png",
                "cloth12201_walk_3_3.png",
                "cloth12201_walk_3_4.png",
                "cloth12201_walk_3_5.png"
            ],
            "CX": [38, 38, 40, 38, 39, 41],
            "CY": [61, 61, 61, 61, 61, 61]
        },
        "Cloth_m": {
            "IMG": [
                "cloth12201_walk_m_3_0.png",
                "cloth12201_walk_m_3_1.png",
                "cloth12201_walk_m_3_2.png",
                "cloth12201_walk_m_3_3.png",
                "cloth12201_walk_m_3_4.png",
                "cloth12201_walk_m_3_5.png"
            ],
            "CX": [41, 42, 41, 41, 41, 41],
            "CY": [70, 70, 70, 70, 70, 70]
        },
        "Face": {
            "IMG": [
                "Face12201_walk_3_0.png",
                "Face12201_walk_3_1.png",
                "Face12201_walk_3_2.png",
                "Face12201_walk_3_3.png",
                "Face12201_walk_3_4.png",
                "Face12201_walk_3_5.png"
            ],
            "CX": [32, 33, 34, 32, 32, 33],
            "CY": [28, 28, 28, 28, 28, 28]
        },
        "Hair": {
            "IMG": [
                "hair12201_walk_3_0.png",
                "hair12201_walk_3_1.png",
                "hair12201_walk_3_2.png",
                "hair12201_walk_3_3.png",
                "hair12201_walk_3_4.png",
                "hair12201_walk_3_5.png"
            ],
            "CX": [32, 33, 33, 32, 31, 30],
            "CY": [24, 24, 24, 24, 24, 24]
        },
        "Hair_m": {
            "IMG": [
                "hair12201_walk_m_3_0.png",
                "hair12201_walk_m_3_1.png",
                "hair12201_walk_m_3_2.png",
                "hair12201_walk_m_3_3.png",
                "hair12201_walk_m_3_4.png",
                "hair12201_walk_m_3_5.png"
            ],
            "CX": [32, 33, 33, 32, 31, 30],
            "CY": [24, 24, 24, 24, 24, 24]
        }
    },
    "LOSE": {
        "Cx": -50,
        "Cy": -74,
        "Cloth": {
            "IMG": [
                "cloth12201_lose_0_0.png",
                "cloth12201_lose_0_1.png"
            ],
            "CX": [20, 23],
            "CY": [28, 29]
        },
        "Cloth_m": {
            "IMG": [
                "cloth12201_lose_m_0_0.png",
                "cloth12201_lose_m_0_1.png"
            ],
            "CX": [32, 32],
            "CY": [28, 29]
        }
    },

    "INTERVAL": 100
}