{

    "NAME": "Character18806",

    "STAND_R": {
        "Len": 6,
        "Cx": -50,
        "Cy": -74,
        "Cloth": {
            "IMG": [
                "cloth18806_stand_0_0.png",
                "cloth18806_stand_0_1.png",
                "cloth18806_stand_0_2.png",
                "cloth18806_stand_0_3.png",
                "cloth18806_stand_0_4.png",
                "cloth18806_stand_0_5.png"
            ],
            "CX": [32, 32, 32, 32, 32, 32],
            "CY": [25, 24, 24, 25, 24, 24]
        }
    },

    "STAND_U": {
        "Len": 6,
        "Cx": -50,
        "Cy": -74,
        "Cloth": {
            "IMG": [
                "cloth18806_stand_0_0.png",
                "cloth18806_stand_0_1.png",
                "cloth18806_stand_0_2.png",
                "cloth18806_stand_0_3.png",
                "cloth18806_stand_0_4.png",
                "cloth18806_stand_0_5.png"
            ],
            "CX": [32, 32, 32, 32, 32, 32],
            "CY": [25, 24, 24, 25, 24, 24]
        }
    },

    "STAND_L": {
        "Len": 6,
        "Cx": -50,
        "Cy": -74,
        "Cloth": {
            "IMG": [
                "cloth18806_stand_0_0.png",
                "cloth18806_stand_0_1.png",
                "cloth18806_stand_0_2.png",
                "cloth18806_stand_0_3.png",
                "cloth18806_stand_0_4.png",
                "cloth18806_stand_0_5.png"
            ],
            "CX": [32, 32, 32, 32, 32, 32],
            "CY": [25, 24, 24, 25, 24, 24]
        }
    },

    "STAND_D": {
        "Len": 6,
        "Cx": -50,
        "Cy": -74,
        "Cloth": {
            "IMG": [
                "cloth18806_stand_0_0.png",
                "cloth18806_stand_0_1.png",
                "cloth18806_stand_0_2.png",
                "cloth18806_stand_0_3.png",
                "cloth18806_stand_0_4.png",
                "cloth18806_stand_0_5.png"
            ],
            "CX": [32, 32, 32, 32, 32, 32],
            "CY": [25, 24, 24, 25, 24, 24]
        }
    },

    "R": {
        "Len": 6,
        "Cx": -50,
        "Cy": -74,
        "Cloth": {
            "IMG": [
                "cloth18806_walk_0_0.png",
                "cloth18806_walk_0_1.png",
                "cloth18806_walk_0_2.png",
                "cloth18806_walk_0_3.png",
                "cloth18806_walk_0_4.png",
                "cloth18806_walk_0_5.png"
            ],
            "CX": [33, 33, 34, 33, 33, 34],
            "CY": [25, 25, 25, 25, 25, 25]
        }
    },

    "U": {
        "Len": 6,
        "Cx": -50,
        "Cy": -74,
        "Cloth": {
            "IMG": [
                "cloth18806_walk_1_0.png",
                "cloth18806_walk_1_1.png",
                "cloth18806_walk_1_2.png",
                "cloth18806_walk_1_3.png",
                "cloth18806_walk_1_4.png",
                "cloth18806_walk_1_5.png"
            ],
            "CX": [34, 34, 34, 34, 34, 34],
            "CY": [27, 26, 26, 27, 26, 26]
        }
    },

    "L": {
        "Len": 6,
        "Cx": -50,
        "Cy": -74,
        "Cloth": {
            "IMG": [
                "cloth18806_walk_2_0.png",
                "cloth18806_walk_2_1.png",
                "cloth18806_walk_2_2.png",
                "cloth18806_walk_2_3.png",
                "cloth18806_walk_2_4.png",
                "cloth18806_walk_2_5.png"
            ],
            "CX": [35, 35, 34, 35, 35, 34],
            "CY": [25, 25, 25, 25, 25, 25]
        }
    },

    "D": {
        "Len": 6,
        "Cx": -50,
        "Cy": -74,
        "Cloth": {
            "IMG": [
                "cloth18806_walk_3_0.png",
                "cloth18806_walk_3_1.png",
                "cloth18806_walk_3_2.png",
                "cloth18806_walk_3_3.png",
                "cloth18806_walk_3_4.png",
                "cloth18806_walk_3_5.png"
            ],
            "CX": [34, 34, 34, 34, 34, 34],
            "CY": [27, 26, 26, 27, 26, 26]
        }
    },

    "INTERVAL": 200
}