{

    "NAME": "Character17901",

    "STAND_R": {
        "Len": 6,
        "Cx": -50,
        "Cy": -74,
        "Cloth": {
            "IMG": [
                "cloth17901_stand_0_0.png",
                "cloth17901_stand_0_1.png",
                "cloth17901_stand_0_2.png",
                "cloth17901_stand_0_3.png",
                "cloth17901_stand_0_4.png",
                "cloth17901_stand_0_5.png"
            ],
            "CX": [16, 15, 16, 16, 15, 16],
            "CY": [0, 0, 0, 0, 0, 0]
        }
    },

    "STAND_U": {
        "Len": 6,
        "Cx": -50,
        "Cy": -74,
        "Cloth": {
            "IMG": [
                "cloth17901_stand_0_0.png",
                "cloth17901_stand_0_1.png",
                "cloth17901_stand_0_2.png",
                "cloth17901_stand_0_3.png",
                "cloth17901_stand_0_4.png",
                "cloth17901_stand_0_5.png"
            ],
            "CX": [16, 15, 16, 16, 15, 16],
            "CY": [0, 0, 0, 0, 0, 0]
        }
    },

    "STAND_L": {
        "Len": 6,
        "Cx": -50,
        "Cy": -74,
        "Cloth": {
            "IMG": [
                "cloth17901_stand_0_0.png",
                "cloth17901_stand_0_1.png",
                "cloth17901_stand_0_2.png",
                "cloth17901_stand_0_3.png",
                "cloth17901_stand_0_4.png",
                "cloth17901_stand_0_5.png"
            ],
            "CX": [16, 15, 16, 16, 15, 16],
            "CY": [0, 0, 0, 0, 0, 0]
        }
    },

    "STAND_D": {
        "Len": 6,
        "Cx": -50,
        "Cy": -74,
        "Cloth": {
            "IMG": [
                "cloth17901_stand_0_0.png",
                "cloth17901_stand_0_1.png",
                "cloth17901_stand_0_2.png",
                "cloth17901_stand_0_3.png",
                "cloth17901_stand_0_4.png",
                "cloth17901_stand_0_5.png"
            ],
            "CX": [16, 15, 16, 16, 15, 16],
            "CY": [0, 0, 0, 0, 0, 0]
        }
    },

    "R": {
        "Len": 6,
        "Cx": -50,
        "Cy": -74,
        "Cloth": {
            "IMG": [
                "cloth17901_walk_0_0.png",
                "cloth17901_walk_0_1.png",
                "cloth17901_walk_0_2.png",
                "cloth17901_walk_0_3.png",
                "cloth17901_walk_0_4.png",
                "cloth17901_walk_0_5.png"
            ],
            "CX": [20, 17, 19, 20, 17, 19],
            "CY": [0, 0, 5, 0, 0, 5]
        }
    },

    "U": {
        "Len": 6,
        "Cx": -50,
        "Cy": -74,
        "Cloth": {
            "IMG": [
                "cloth17901_walk_1_0.png",
                "cloth17901_walk_1_1.png",
                "cloth17901_walk_1_2.png",
                "cloth17901_walk_1_3.png",
                "cloth17901_walk_1_4.png",
                "cloth17901_walk_1_5.png"
            ],
            "CX": [10, 10, 10, 10, 10, 10],
            "CY": [2, 2, 2, 2, 2, 2]
        }
    },

    "L": {
        "Len": 6,
        "Cx": -50,
        "Cy": -74,
        "Cloth": {
            "IMG": [
                "cloth17901_walk_2_0.png",
                "cloth17901_walk_2_1.png",
                "cloth17901_walk_2_2.png",
                "cloth17901_walk_2_3.png",
                "cloth17901_walk_2_4.png",
                "cloth17901_walk_2_5.png"
            ],
            "CX": [23, 22, 21, 23, 22, 21],
            "CY": [0, 0, 5, 0, 0, 5]
        }
    },

    "D": {
        "Len": 6,
        "Cx": -50,
        "Cy": -74,
        "Cloth": {
            "IMG": [
                "cloth17901_walk_3_0.png",
                "cloth17901_walk_3_1.png",
                "cloth17901_walk_3_2.png",
                "cloth17901_walk_3_3.png",
                "cloth17901_walk_3_4.png",
                "cloth17901_walk_3_5.png"
            ],
            "CX": [16, 15, 16, 16, 15, 16],
            "CY": [0, 0, 0, 0, 0, 0]
        }
    },

    "INTERVAL": 200
}