{

    "NAME": "Character12201",

    "STAND_R": {
        "Cx": -50,
        "Cy": -74,
        "Body": {
            "IMG": [
                "body15701_stand_0_0.png",
                "body15701_stand_0_1.png",
                "body15701_stand_0_2.png",
                "body15701_stand_0_3.png",
                "body15701_stand_0_4.png",
                "body15701_stand_0_5.png"
            ],
            "CX": [35, 36, 38, 35, 36, 38],
            "CY": [62, 62, 62, 62, 62, 62]
        }
    },

    "STAND_U": {
        "Cx": -50,
        "Cy": -74,
        "Body": {
            "IMG": [
                "body15701_stand_1_0.png",
                "body15701_stand_1_1.png",
                "body15701_stand_1_2.png",
                "body15701_stand_1_3.png",
                "body15701_stand_1_4.png",
                "body15701_stand_1_5.png"
            ],
            "CX": [38, 39, 40, 38, 38, 37],
            "CY": [61, 61, 61, 61, 61, 61]
        }
    },

    "STAND_L": {
        "Cx": -50,
        "Cy": -74,
        "Body": {
            "IMG": [
                "body15701_stand_2_0.png",
                "body15701_stand_2_1.png",
                "body15701_stand_2_2.png",
                "body15701_stand_2_3.png",
                "body15701_stand_2_4.png",
                "body15701_stand_2_5.png"
            ],
            "CX": [37, 36, 35, 37, 36, 35],
            "CY": [62, 62, 62, 62, 62, 62]
        }
    },

    "STAND_D": {
        "Cx": -50,
        "Cy": -74,
        "Body": {
            "IMG": [
                "body15701_stand_3_0.png",
                "body15701_stand_3_1.png",
                "body15701_stand_3_2.png",
                "body15701_stand_3_3.png",
                "body15701_stand_3_4.png",
                "body15701_stand_3_5.png"
            ],
            "CX": [38, 37, 38, 38, 39, 40],
            "CY": [58, 57, 57, 58, 57, 57]
        }
    },

    "R": {
        "Cx": -50,
        "Cy": -74,
        "Body": {
            "IMG": [
                "body15701_walk_0_0.png",
                "body15701_walk_0_1.png",
                "body15701_walk_0_2.png",
                "body15701_walk_0_3.png",
                "body15701_walk_0_4.png",
                "body15701_walk_0_5.png"
            ],
            "CX": [35, 36, 38, 35, 36, 38],
            "CY": [62, 62, 62, 62, 62, 62]
        }
    },

    "U": {
        "Cx": -50,
        "Cy": -74,
        "Body": {
            "IMG": [
                "body15701_walk_1_0.png",
                "body15701_walk_1_1.png",
                "body15701_walk_1_2.png",
                "body15701_walk_1_3.png",
                "body15701_walk_1_4.png",
                "body15701_walk_1_5.png"
            ],
            "CX": [38, 39, 40, 38, 38, 37],
            "CY": [61, 61, 61, 61, 61, 61]
        }
    },

    "L": {
        "Cx": -50,
        "Cy": -74,
        "Body": {
            "IMG": [
                "body15701_walk_2_0.png",
                "body15701_walk_2_1.png",
                "body15701_walk_2_2.png",
                "body15701_walk_2_3.png",
                "body15701_walk_2_4.png",
                "body15701_walk_2_5.png"
            ],
            "CX": [37, 36, 35, 37, 36, 35],
            "CY": [62, 62, 62, 62, 62, 62]
        }
    },

    "D": {
        "Cx": -50,
        "Cy": -74,
        "Body": {
            "IMG": [
                "body15701_walk_3_0.png",
                "body15701_walk_3_1.png",
                "body15701_walk_3_2.png",
                "body15701_walk_3_3.png",
                "body15701_walk_3_4.png",
                "body15701_walk_3_5.png"
            ],
            "CX": [38, 37, 38, 38, 39, 40],
            "CY": [58, 57, 57, 58, 57, 57]
        }
    },

    "INTERVAL": 100
}