{

    "NAME": "Character18201",

    "STAND_R": {
        "Len": 6,
        "Cx": -50,
        "Cy": -74,
        "Cloth": {
            "IMG": [
                "cloth18201_stand_0_0.png",
                "cloth18201_stand_0_1.png",
                "cloth18201_stand_0_2.png",
                "cloth18201_stand_0_3.png",
                "cloth18201_stand_0_4.png",
                "cloth18201_stand_0_5.png"
            ],
            "CX": [7, 11, 12, 7, 11, 12],
            "CY": [20, 20, 20, 20, 20, 20]
        }
    },

    "STAND_U": {
        "Len": 6,
        "Cx": -50,
        "Cy": -74,
        "Cloth": {
            "IMG": [
                "cloth18201_stand_0_0.png",
                "cloth18201_stand_0_1.png",
                "cloth18201_stand_0_2.png",
                "cloth18201_stand_0_3.png",
                "cloth18201_stand_0_4.png",
                "cloth18201_stand_0_5.png"
            ],
            "CX": [7, 11, 12, 7, 11, 12],
            "CY": [20, 20, 20, 20, 20, 20]
        }
    },

    "STAND_L": {
        "Len": 6,
        "Cx": -50,
        "Cy": -74,
        "Cloth": {
            "IMG": [
                "cloth18201_stand_0_0.png",
                "cloth18201_stand_0_1.png",
                "cloth18201_stand_0_2.png",
                "cloth18201_stand_0_3.png",
                "cloth18201_stand_0_4.png",
                "cloth18201_stand_0_5.png"
            ],
            "CX": [7, 11, 12, 7, 11, 12],
            "CY": [20, 20, 20, 20, 20, 20]
        }
    },

    "STAND_D": {
        "Len": 6,
        "Cx": -50,
        "Cy": -74,
        "Cloth": {
            "IMG": [
                "cloth18201_stand_0_0.png",
                "cloth18201_stand_0_1.png",
                "cloth18201_stand_0_2.png",
                "cloth18201_stand_0_3.png",
                "cloth18201_stand_0_4.png",
                "cloth18201_stand_0_5.png"
            ],
            "CX": [7, 11, 12, 7, 11, 12],
            "CY": [20, 20, 20, 20, 20, 20]
        }
    },

    "R": {
        "Len": 6,
        "Cx": -50,
        "Cy": -74,
        "Cloth": {
            "IMG": [
                "cloth18201_walk_0_0.png",
                "cloth18201_walk_0_1.png",
                "cloth18201_walk_0_2.png",
                "cloth18201_walk_0_3.png",
                "cloth18201_walk_0_4.png",
                "cloth18201_walk_0_5.png"
            ],
            "CX": [22, 22, 21, 22, 22, 22],
            "CY": [18, 18, 18, 18, 18, 18]
        }
    },

    "U": {
        "Len": 6,
        "Cx": -50,
        "Cy": -74,
        "Cloth": {
            "IMG": [
                "cloth18201_walk_1_0.png",
                "cloth18201_walk_1_1.png",
                "cloth18201_walk_1_2.png",
                "cloth18201_walk_1_3.png",
                "cloth18201_walk_1_4.png",
                "cloth18201_walk_1_5.png"
            ],
            "CX": [6, 10, 11, 6, 10, 11],
            "CY": [20, 20, 20, 20, 20, 20]
        }
    },

    "L": {
        "Len": 6,
        "Cx": -50,
        "Cy": -74,
        "Cloth": {
            "IMG": [
                "cloth18201_walk_2_0.png",
                "cloth18201_walk_2_1.png",
                "cloth18201_walk_2_2.png",
                "cloth18201_walk_2_3.png",
                "cloth18201_walk_2_4.png",
                "cloth18201_walk_2_5.png"
            ],
            "CX": [20, 17, 14, 20, 20, 20],
            "CY": [18, 18, 18, 18, 18, 18]
        }
    },

    "D": {
        "Len": 6,
        "Cx": -50,
        "Cy": -74,
        "Cloth": {
            "IMG": [
                "cloth18201_walk_3_0.png",
                "cloth18201_walk_3_1.png",
                "cloth18201_walk_3_2.png",
                "cloth18201_walk_3_3.png",
                "cloth18201_walk_3_4.png",
                "cloth18201_walk_3_5.png"
            ],
            "CX": [7, 11, 12, 7, 11, 12],
            "CY": [20, 20, 20, 20, 20, 20]
        }
    },

    "INTERVAL": 200
}