{

    "NAME": "Character103",

    "STAND_R": {
        "Len": 1,
        "Cx": -50,
        "Cy": -74,
        "Cloth": {
            "IMG": [
                "pet103_stand_0_0.png",
				"pet103_stand_0_1.png",
				"pet103_stand_0_2.png",
				"pet103_stand_0_3.png",
				"pet103_stand_0_4.png",
				"pet103_stand_0_5.png"
            ],
            "CX": [34, 31, 32, 28, 32, 29],
            "CY": [30, 31, 29, 30, 30, 31]
        }
    },

    "STAND_U": {
        "Len": 1,
        "Cx": -50,
        "Cy": -74,
        "Cloth": {
            "IMG": [
                "pet103_stand_1_0.png",
				"pet103_stand_1_1.png",
				"pet103_stand_1_2.png",
				"pet103_stand_1_3.png",
				"pet103_stand_1_4.png",
				"pet103_stand_1_5.png"
            ],
            "CX": [25, 25, 25, 25, 25, 25],
            "CY": [30, 30, 29, 30, 29, 31]
        }
    },

    "STAND_L": {
        "Len": 1,
        "Cx": -50,
        "Cy": -74,
        "Cloth": {
            "IMG": [
                "pet103_stand_2_0.png",
				"pet103_stand_2_1.png",
				"pet103_stand_2_2.png",
				"pet103_stand_2_3.png",
				"pet103_stand_2_4.png",
				"pet103_stand_2_5.png"
            ],
            "CX": [36, 36, 36, 35, 35, 34],
            "CY": [30, 30, 27, 30, 29, 31]
        }
    },

    "STAND_D": {
        "Len": 1,
        "Cx": -50,
        "Cy": -74,
        "Cloth": {
            "IMG": [
                "pet103_stand_3_0.png",
				"pet103_stand_3_1.png",
				"pet103_stand_3_2.png",
				"pet103_stand_3_3.png",
				"pet103_stand_3_4.png",
				"pet103_stand_3_5.png"
            ],
            "CX": [27, 27, 27, 27, 27, 27],
            "CY": [30, 30, 27, 30, 29, 31]
        }
    },

    "R": {
        "Len": 6,
        "Cx": -50,
        "Cy": -74,
        "Cloth": {
            "IMG": [
                "pet103_walk_0_0.png",
                "pet103_walk_0_1.png",
                "pet103_walk_0_2.png",
                "pet103_walk_0_3.png",
				"pet103_walk_0_4.png",
                "pet103_walk_0_5.png"
            ],
            "CX": [34, 31, 32, 28, 32, 29],
            "CY": [30, 32, 30, 30, 30, 32]
        }
    },

    "U": {
        "Len": 6,
        "Cx": -50,
        "Cy": -74,
        "Cloth": {
            "IMG": [
                "pet103_walk_1_0.png",
                "pet103_walk_1_1.png",
                "pet103_walk_1_2.png",
                "pet103_walk_1_3.png",
                "pet103_walk_1_4.png",
                "pet103_walk_1_5.png"
            ],
            "CX": [25, 24, 24, 25, 26, 26],
            "CY": [30, 31, 29, 30, 30, 32]
        }
    },

    "L": {
        "Len": 6,
        "Cx": -50,
        "Cy": -74,
        "Cloth": {
            "IMG": [
                "pet103_walk_2_0.png",
                "pet103_walk_2_1.png",
                "pet103_walk_2_2.png",
                "pet103_walk_2_3.png",
                "pet103_walk_2_4.png",
                "pet103_walk_2_5.png"
            ],
            "CX": [36, 36, 36, 35, 35, 34],
            "CY": [30, 31, 30, 30, 30, 32]
        }
    },

    "D": {
        "Len": 6,
        "Cx": -50,
        "Cy": -74,
        "Cloth": {
            "IMG": [
                "pet103_walk_3_0.png",
                "pet103_walk_3_1.png",
                "pet103_walk_3_2.png",
                "pet103_walk_3_3.png",
                "pet103_walk_3_4.png",
                "pet103_walk_3_5.png"
            ],
            "CX": [27, 28, 29, 27, 28, 28],
            "CY": [30, 31, 31, 30, 30, 33]
        }
    },

    "INTERVAL": 200
}