{

    "NAME": "Character18504",

    "STAND_R": {
        "Len": 6,
        "Cx": -50,
        "Cy": -64,
        "Cloth": {
            "IMG": [
                "cloth18504_stand_0_0.png",
                "cloth18504_stand_0_1.png",
                "cloth18504_stand_0_2.png",
                "cloth18504_stand_0_3.png",
                "cloth18504_stand_0_4.png",
                "cloth18504_stand_0_5.png"
            ],
            "CX": [13, 16, 15.4, 15, 14.8, 14.3],
            "CY": [19, 19, 19, 19, 19, 19]
        }
    },

    "STAND_U": {
        "Len": 6,
        "Cx": -50,
        "Cy": -64,
        "Cloth": {
            "IMG": [
                "cloth18504_stand_0_0.png",
                "cloth18504_stand_0_1.png",
                "cloth18504_stand_0_2.png",
                "cloth18504_stand_0_3.png",
                "cloth18504_stand_0_4.png",
                "cloth18504_stand_0_5.png"
            ],
            "CX": [13, 16, 15.4, 15, 14.8, 14.3],
            "CY": [19, 19, 19, 19, 19, 19]
        }
    },

    "STAND_L": {
        "Len": 6,
        "Cx": -50,
        "Cy": -64,
        "Cloth": {
            "IMG": [
                "cloth18504_stand_0_0.png",
                "cloth18504_stand_0_1.png",
                "cloth18504_stand_0_2.png",
                "cloth18504_stand_0_3.png",
                "cloth18504_stand_0_4.png",
                "cloth18504_stand_0_5.png"
            ],
            "CX": [13, 16, 15.4, 15, 14.8, 14.3],
            "CY": [19, 19, 19, 19, 19, 19]
        }
    },

    "STAND_D": {
        "Len": 6,
        "Cx": -50,
        "Cy": -64,
        "Cloth": {
            "IMG": [
                "cloth18504_stand_0_0.png",
                "cloth18504_stand_0_1.png",
                "cloth18504_stand_0_2.png",
                "cloth18504_stand_0_3.png",
                "cloth18504_stand_0_4.png",
                "cloth18504_stand_0_5.png"
            ],
            "CX": [13, 16, 15.4, 15, 14.8, 14.3],
            "CY": [19, 19, 19, 19, 19, 19]
        }
    },

    "R": {
        "Len": 6,
        "Cx": -50,
        "Cy": -64,
        "Cloth": {
            "IMG": [
                "cloth18504_walk_0_0.png",
                "cloth18504_walk_0_1.png",
                "cloth18504_walk_0_2.png",
                "cloth18504_walk_0_3.png",
                "cloth18504_walk_0_4.png",
                "cloth18504_walk_0_5.png"
            ],
            "CX": [13, 16, 15.4, 15, 14.8, 14.3],
            "CY": [19, 19, 19, 19, 19, 19]
        }
    },

    "U": {
        "Len": 6,
        "Cx": -50,
        "Cy": -64,
        "Cloth": {
            "IMG": [
                "cloth18504_walk_1_0.png",
                "cloth18504_walk_1_1.png",
                "cloth18504_walk_1_2.png",
                "cloth18504_walk_1_3.png",
                "cloth18504_walk_1_4.png",
                "cloth18504_walk_1_5.png"
            ],
            "CX": [13, 16, 15.4, 15, 14.8, 14.3],
            "CY": [19, 19, 19, 19, 19, 19]
        }
    },

    "L": {
        "Len": 6,
        "Cx": -50,
        "Cy": -64,
        "Cloth": {
            "IMG": [
                "cloth18504_walk_2_0.png",
                "cloth18504_walk_2_1.png",
                "cloth18504_walk_2_2.png",
                "cloth18504_walk_2_3.png",
                "cloth18504_walk_2_4.png",
                "cloth18504_walk_2_5.png"
            ],
            "CX": [13, 16, 15.4, 15, 14.8, 14.3],
            "CY": [19, 19, 19, 19, 19, 19]
        }
    },

    "D": {
        "Len": 6,
        "Cx": -50,
        "Cy": -64,
        "Cloth": {
            "IMG": [
                "cloth18504_walk_3_0.png",
                "cloth18504_walk_3_1.png",
                "cloth18504_walk_3_2.png",
                "cloth18504_walk_3_3.png",
                "cloth18504_walk_3_4.png",
                "cloth18504_walk_3_5.png"
            ],
            "CX": [13, 16, 15.4, 15, 14.8, 14.3],
            "CY": [19, 19, 19, 19, 19, 19]
        }
    },

    "INTERVAL": 200
}