{

    "NAME": "Character17701",

    "STAND_R": {
        "Len": 6,
        "Cx": -50,
        "Cy": -74,
        "Cloth": {
            "IMG": [
                "cloth17701_stand_0_0.png",
                "cloth17701_stand_0_1.png",
                "cloth17701_stand_0_2.png",
                "cloth17701_stand_0_3.png",
                "cloth17701_stand_0_4.png",
                "cloth17701_stand_0_5.png"
            ],
            "CX": [8, 11, 8, 11, 8, 11],
            "CY": [5, 7, 5, 7, 5, 7]
        }
    },

    "STAND_U": {
        "Len": 6,
        "Cx": -50,
        "Cy": -74,
        "Cloth": {
            "IMG": [
                "cloth17701_stand_0_0.png",
                "cloth17701_stand_0_1.png",
                "cloth17701_stand_0_2.png",
                "cloth17701_stand_0_3.png",
                "cloth17701_stand_0_4.png",
                "cloth17701_stand_0_5.png"
            ],
            "CX": [8, 11, 8, 11, 8, 11],
            "CY": [5, 7, 5, 7, 5, 7]
        }
    },

    "STAND_L": {
        "Len": 6,
        "Cx": -50,
        "Cy": -74,
        "Cloth": {
            "IMG": [
                "cloth17701_stand_0_0.png",
                "cloth17701_stand_0_1.png",
                "cloth17701_stand_0_2.png",
                "cloth17701_stand_0_3.png",
                "cloth17701_stand_0_4.png",
                "cloth17701_stand_0_5.png"
            ],
            "CX": [8, 11, 8, 11, 8, 11],
            "CY": [5, 7, 5, 7, 5, 7]
        }
    },

    "STAND_D": {
        "Len": 6,
        "Cx": -50,
        "Cy": -74,
        "Cloth": {
            "IMG": [
                "cloth17701_stand_0_0.png",
                "cloth17701_stand_0_1.png",
                "cloth17701_stand_0_2.png",
                "cloth17701_stand_0_3.png",
                "cloth17701_stand_0_4.png",
                "cloth17701_stand_0_5.png"
            ],
            "CX": [8, 11, 8, 11, 8, 11],
            "CY": [5, 7, 5, 7, 5, 7]
        }
    },

    "R": {
        "Len": 6,
        "Cx": -50,
        "Cy": -74,
        "Cloth": {
            "IMG": [
                "cloth17701_walk_0_0.png",
                "cloth17701_walk_0_1.png",
                "cloth17701_walk_0_2.png",
                "cloth17701_walk_0_3.png",
                "cloth17701_walk_0_4.png",
                "cloth17701_walk_0_5.png"
            ],
            "CX": [20, 19, 20, 19, 20, 19],
            "CY": [11, 11, 11, 11, 11, 11]
        }
    },

    "U": {
        "Len": 6,
        "Cx": -50,
        "Cy": -74,
        "Cloth": {
            "IMG": [
                "cloth17701_walk_1_0.png",
                "cloth17701_walk_1_1.png",
                "cloth17701_walk_1_2.png",
                "cloth17701_walk_1_3.png",
                "cloth17701_walk_1_4.png",
                "cloth17701_walk_1_5.png"
            ],
            "CX": [8, 10, 8, 10, 8, 10],
            "CY": [5, 7, 5, 7, 5, 7]
        }
    },

    "L": {
        "Len": 6,
        "Cx": -50,
        "Cy": -74,
        "Cloth": {
            "IMG": [
                "cloth17701_walk_2_0.png",
                "cloth17701_walk_2_1.png",
                "cloth17701_walk_2_2.png",
                "cloth17701_walk_2_3.png",
                "cloth17701_walk_2_4.png",
                "cloth17701_walk_2_5.png"
            ],
            "CX": [28, 26, 28, 26, 28, 26],
            "CY": [11, 11, 11, 11, 11, 11]
        }
    },

    "D": {
        "Len": 6,
        "Cx": -50,
        "Cy": -74,
        "Cloth": {
            "IMG": [
                "cloth17701_walk_3_0.png",
                "cloth17701_walk_3_1.png",
                "cloth17701_walk_3_2.png",
                "cloth17701_walk_3_3.png",
                "cloth17701_walk_3_4.png",
                "cloth17701_walk_3_5.png"
            ],
            "CX": [8, 11, 8, 11, 8, 11],
            "CY": [5, 7, 5, 7, 5, 7]
        }
    },

    "INTERVAL": 200
}