{

    "NAME": "Character18808",

    "STAND_R": {
        "Len": 6,
        "Cx": -50,
        "Cy": -74,
        "Cloth": {
            "IMG": [
                "cloth18808_stand_0_0.png",
                "cloth18808_stand_0_1.png",
                "cloth18808_stand_0_2.png",
                "cloth18808_stand_0_3.png",
                "cloth18808_stand_0_4.png",
                "cloth18808_stand_0_5.png"
            ],
            "CX": [9, 9, 11, 9, 9, 11],
            "CY": [11, 12, 14, 11, 12, 14]
        }
    },

    "STAND_U": {
        "Len": 6,
        "Cx": -50,
        "Cy": -74,
        "Cloth": {
            "IMG": [
                "cloth18808_stand_0_0.png",
                "cloth18808_stand_0_1.png",
                "cloth18808_stand_0_2.png",
                "cloth18808_stand_0_3.png",
                "cloth18808_stand_0_4.png",
                "cloth18808_stand_0_5.png"
            ],
            "CX": [9, 9, 11, 9, 9, 11],
            "CY": [11, 12, 14, 11, 12, 14]
        }
    },

    "STAND_L": {
        "Len": 6,
        "Cx": -50,
        "Cy": -74,
        "Cloth": {
            "IMG": [
                "cloth18808_stand_0_0.png",
                "cloth18808_stand_0_1.png",
                "cloth18808_stand_0_2.png",
                "cloth18808_stand_0_3.png",
                "cloth18808_stand_0_4.png",
                "cloth18808_stand_0_5.png"
            ],
            "CX": [9, 9, 11, 9, 9, 11],
            "CY": [11, 12, 14, 11, 12, 14]
        }
    },

    "STAND_D": {
        "Len": 6,
        "Cx": -50,
        "Cy": -74,
        "Cloth": {
            "IMG": [
                "cloth18808_stand_0_0.png",
                "cloth18808_stand_0_1.png",
                "cloth18808_stand_0_2.png",
                "cloth18808_stand_0_3.png",
                "cloth18808_stand_0_4.png",
                "cloth18808_stand_0_5.png"
            ],
            "CX": [9, 9, 11, 9, 9, 11],
            "CY": [11, 12, 14, 11, 12, 14]
        }
    },

    "R": {
        "Len": 6,
        "Cx": -50,
        "Cy": -74,
        "Cloth": {
            "IMG": [
                "cloth18808_walk_0_0.png",
                "cloth18808_walk_0_1.png",
                "cloth18808_walk_0_2.png",
                "cloth18808_walk_0_3.png",
                "cloth18808_walk_0_4.png",
                "cloth18808_walk_0_5.png"
            ],
            "CX": [8, 10, 10, 8, 10, 10],
            "CY": [9, 9, 9, 9, 9, 9]
        }
    },

    "U": {
        "Len": 6,
        "Cx": -50,
        "Cy": -74,
        "Cloth": {
            "IMG": [
                "cloth18808_walk_1_0.png",
                "cloth18808_walk_1_1.png",
                "cloth18808_walk_1_2.png",
                "cloth18808_walk_1_3.png",
                "cloth18808_walk_1_4.png",
                "cloth18808_walk_1_5.png"
            ],
            "CX": [26, 26, 27, 26, 26, 27],
            "CY": [11, 12, 13, 11, 12, 13]
        }
    },

    "L": {
        "Len": 6,
        "Cx": -50,
        "Cy": -74,
        "Cloth": {
            "IMG": [
                "cloth18808_walk_2_0.png",
                "cloth18808_walk_2_1.png",
                "cloth18808_walk_2_2.png",
                "cloth18808_walk_2_3.png",
                "cloth18808_walk_2_4.png",
                "cloth18808_walk_2_5.png"
            ],
            "CX": [20, 16, 14, 20, 16, 14],
            "CY": [9, 9, 9, 9, 9, 9]
        }
    },

    "D": {
        "Len": 6,
        "Cx": -50,
        "Cy": -74,
        "Cloth": {
            "IMG": [
                "cloth18808_walk_3_0.png",
                "cloth18808_walk_3_1.png",
                "cloth18808_walk_3_2.png",
                "cloth18808_walk_3_3.png",
                "cloth18808_walk_3_4.png",
                "cloth18808_walk_3_5.png"
            ],
            "CX": [9, 9, 11, 9, 9, 11],
            "CY": [11, 12, 14, 11, 12, 14]
        }
    },

    "INTERVAL": 200
}