{

    "NAME": "Character64",

    "STAND_R": {
        "Len": 1,
        "Cx": -50,
        "Cy": -74,
        "Cloth": {
            "IMG": [
                "pet64_stand_0_0.png",
				"pet64_stand_0_1.png",
				"pet64_stand_0_2.png",
				"pet64_stand_0_3.png",
				"pet64_stand_0_4.png",
				"pet64_stand_0_5.png"
            ],
            "CX": [0, 3, 4, -1, 2, 2],
            "CY": [13, 11, 10, 10, 11, 2]
        }
    },

    "STAND_U": {
        "Len": 1,
        "Cx": -50,
        "Cy": -74,
        "Cloth": {
            "IMG": [
                "pet64_stand_1_0.png",
				"pet64_stand_1_1.png",
				"pet64_stand_1_2.png",
				"pet64_stand_1_3.png",
				"pet64_stand_1_4.png",
				"pet64_stand_1_5.png"
            ],
            "CX": [8, 9, 17, 24, 4, 16],
            "CY": [13, 11, 10, 10, 11, 6]
        }
    },

    "STAND_L": {
        "Len": 1,
        "Cx": -50,
        "Cy": -74,
        "Cloth": {
            "IMG": [
                "pet64_stand_2_0.png",
				"pet64_stand_2_1.png",
				"pet64_stand_2_2.png",
				"pet64_stand_2_3.png",
				"pet64_stand_2_4.png",
				"pet64_stand_2_5.png"
            ],
            "CX": [14, 14, 29, 29, 20, 29],
            "CY": [13, 11, 10, 10, 11, 2]
        }
    },

    "STAND_D": {
        "Len": 1,
        "Cx": -50,
        "Cy": -74,
        "Cloth": {
            "IMG": [
                "pet64_stand_3_0.png",
				"pet64_stand_3_1.png",
				"pet64_stand_3_2.png",
				"pet64_stand_3_3.png",
				"pet64_stand_3_4.png",
				"pet64_stand_3_5.png"
            ],
            "CX": [8, 10, 17, 23, 4, 16],
            "CY": [13, 11, 10, 10, 11, 9]
        }
    },

    "R": {
        "Len": 6,
        "Cx": -50,
        "Cy": -74,
        "Cloth": {
            "IMG": [
                "pet64_stand_0_0.png",
				"pet64_stand_0_1.png",
				"pet64_stand_0_2.png",
				"pet64_stand_0_3.png",
				"pet64_stand_0_4.png",
				"pet64_stand_0_5.png"
            ],
            "CX": [0, 3, 4, -1, 2, 2],
            "CY": [13, 11, 10, 10, 11, 2]
        }
    },

    "U": {
        "Len": 6,
        "Cx": -50,
        "Cy": -74,
        "Cloth": {
            "IMG": [
                "pet64_stand_1_0.png",
				"pet64_stand_1_1.png",
				"pet64_stand_1_2.png",
				"pet64_stand_1_3.png",
				"pet64_stand_1_4.png",
				"pet64_stand_1_5.png"
            ],
            "CX": [8, 9, 17, 24, 4, 16],
            "CY": [13, 11, 10, 10, 11, 6]
        }
    },

    "L": {
        "Len": 6,
        "Cx": -50,
        "Cy": -74,
        "Cloth": {
            "IMG": [
                "pet64_stand_2_0.png",
				"pet64_stand_2_1.png",
				"pet64_stand_2_2.png",
				"pet64_stand_2_3.png",
				"pet64_stand_2_4.png",
				"pet64_stand_2_5.png"
            ],
            "CX": [14, 14, 29, 29, 20, 29],
            "CY": [13, 11, 10, 10, 11, 2]
        }
    },

    "D": {
        "Len": 6,
        "Cx": -50,
        "Cy": -74,
        "Cloth": {
            "IMG": [
                "pet64_stand_3_0.png",
				"pet64_stand_3_1.png",
				"pet64_stand_3_2.png",
				"pet64_stand_3_3.png",
				"pet64_stand_3_4.png",
				"pet64_stand_3_5.png"
            ],
            "CX": [8, 10, 17, 23, 4, 16],
            "CY": [13, 11, 10, 10, 11, 9]
        }
    },

    "INTERVAL": 130
}