{

    "NAME": "Character18501",

    "STAND_R": {
        "Len": 6,
        "Cx": -60,
        "Cy": -93,
        "Cloth": {
            "IMG": [
                "cloth18501_stand_0_0.png",
                "cloth18501_stand_0_1.png",
                "cloth18501_stand_0_2.png",
                "cloth18501_stand_0_3.png",
                "cloth18501_stand_0_4.png",
                "cloth18501_stand_0_5.png"
            ],
            "CX": [14, 14, 14, 14, 14, 14],
            "CY": [19, 19, 19, 19, 19, 19]
        }
    },

    "STAND_U": {
        "Len": 6,
        "Cx": -60,
        "Cy": -93,
        "Cloth": {
            "IMG": [
                "cloth18501_stand_0_0.png",
                "cloth18501_stand_0_1.png",
                "cloth18501_stand_0_2.png",
                "cloth18501_stand_0_3.png",
                "cloth18501_stand_0_4.png",
                "cloth18501_stand_0_5.png"
            ],
            "CX": [14, 14, 14, 14, 14, 14],
            "CY": [19, 19, 19, 19, 19, 19]
        }
    },

    "STAND_L": {
        "Len": 6,
        "Cx": -60,
        "Cy": -93,
        "Cloth": {
            "IMG": [
                "cloth18501_stand_0_0.png",
                "cloth18501_stand_0_1.png",
                "cloth18501_stand_0_2.png",
                "cloth18501_stand_0_3.png",
                "cloth18501_stand_0_4.png",
                "cloth18501_stand_0_5.png"
            ],
            "CX": [14, 14, 14, 14, 14, 14],
            "CY": [19, 19, 19, 19, 19, 19]
        }
    },

    "STAND_D": {
        "Len": 6,
        "Cx": -60,
        "Cy": -93,
        "Cloth": {
            "IMG": [
                "cloth18501_stand_0_0.png",
                "cloth18501_stand_0_1.png",
                "cloth18501_stand_0_2.png",
                "cloth18501_stand_0_3.png",
                "cloth18501_stand_0_4.png",
                "cloth18501_stand_0_5.png"
            ],
            "CX": [14, 14, 14, 14, 14, 14],
            "CY": [19, 19, 19, 19, 19, 19]
        }
    },

    "R": {
        "Len": 6,
        "Cx": -60,
        "Cy": -93,
        "Cloth": {
            "IMG": [
                "cloth18501_walk_0_0.png",
                "cloth18501_walk_0_1.png",
                "cloth18501_walk_0_2.png",
                "cloth18501_walk_0_3.png",
                "cloth18501_walk_0_4.png",
                "cloth18501_walk_0_5.png"
            ],
            "CX": [22, 22, 22, 22, 22, 22],
            "CY": [19, 19, 19, 19, 19, 19]
        }
    },

    "U": {
        "Len": 6,
        "Cx": -60,
        "Cy": -93,
        "Cloth": {
            "IMG": [
                "cloth18501_walk_1_0.png",
                "cloth18501_walk_1_1.png",
                "cloth18501_walk_1_2.png",
                "cloth18501_walk_1_3.png",
                "cloth18501_walk_1_4.png",
                "cloth18501_walk_1_5.png"
            ],
            "CX": [14, 14, 14, 14, 14, 14],
            "CY": [19, 19, 19, 19, 19, 19]
        }
    },

    "L": {
        "Len": 6,
        "Cx": -60,
        "Cy": -93,
        "Cloth": {
            "IMG": [
                "cloth18501_walk_2_0.png",
                "cloth18501_walk_2_1.png",
                "cloth18501_walk_2_2.png",
                "cloth18501_walk_2_3.png",
                "cloth18501_walk_2_4.png",
                "cloth18501_walk_2_5.png"
            ],
            "CX": [18, 18, 18, 18, 18, 18],
            "CY": [19, 19, 19, 19, 19, 19]
        }
    },

    "D": {
        "Len": 6,
        "Cx": -60,
        "Cy": -93,
        "Cloth": {
            "IMG": [
                "cloth18501_walk_3_0.png",
                "cloth18501_walk_3_1.png",
                "cloth18501_walk_3_2.png",
                "cloth18501_walk_3_3.png",
                "cloth18501_walk_3_4.png",
                "cloth18501_walk_3_5.png"
            ],
            "CX": [14, 14, 14, 14, 14, 14],
            "CY": [19, 19, 19, 19, 19, 19]
        }
    },

    "INTERVAL": 200
}