{

    "NAME": "Character16801",

    "STAND_R": {
        "Len": 6,
        "Cx": -47,
        "Cy": -74,
        "Cloth": {
            "IMG": [
                "cloth16801_stand_0_0.png",
                "cloth16801_stand_0_1.png",
                "cloth16801_stand_0_2.png",
                "cloth16801_stand_0_3.png",
                "cloth16801_stand_0_4.png",
                "cloth16801_stand_0_5.png"
            ],
            "CX": [26, 25, 26, 26, 25, 26],
            "CY": [29, 29, 30, 29, 29, 30]
        }
    },

    "STAND_U": {
        "Len": 6,
        "Cx": -47,
        "Cy": -74,
        "Cloth": {
            "IMG": [
                "cloth16801_stand_0_0.png",
                "cloth16801_stand_0_1.png",
                "cloth16801_stand_0_2.png",
                "cloth16801_stand_0_3.png",
                "cloth16801_stand_0_4.png",
                "cloth16801_stand_0_5.png"
            ],
            "CX": [26, 25, 26, 26, 25, 26],
            "CY": [29, 29, 30, 29, 29, 30]
        }
    },

    "STAND_L": {
        "Len": 6,
        "Cx": -47,
        "Cy": -74,
        "Cloth": {
            "IMG": [
                "cloth16801_stand_0_0.png",
                "cloth16801_stand_0_1.png",
                "cloth16801_stand_0_2.png",
                "cloth16801_stand_0_3.png",
                "cloth16801_stand_0_4.png",
                "cloth16801_stand_0_5.png"
            ],
            "CX": [26, 25, 26, 26, 25, 26],
            "CY": [29, 29, 30, 29, 29, 30]
        }
    },

    "STAND_D": {
        "Len": 6,
        "Cx": -47,
        "Cy": -74,
        "Cloth": {
            "IMG": [
                "cloth16801_stand_0_0.png",
                "cloth16801_stand_0_1.png",
                "cloth16801_stand_0_2.png",
                "cloth16801_stand_0_3.png",
                "cloth16801_stand_0_4.png",
                "cloth16801_stand_0_5.png"
            ],
            "CX": [26, 25, 26, 26, 25, 26],
            "CY": [29, 29, 30, 29, 29, 30]
        }
    },

    "R": {
        "Len": 6,
        "Cx": -47,
        "Cy": -74,
        "Cloth": {
            "IMG": [
                "cloth16801_walk_0_0.png",
                "cloth16801_walk_0_1.png",
                "cloth16801_walk_0_2.png",
                "cloth16801_walk_0_3.png",
                "cloth16801_walk_0_4.png",
                "cloth16801_walk_0_5.png"
            ],
            "CX": [26, 25, 26, 26, 25, 26],
            "CY": [29, 29, 30, 29, 29, 30]
        }
    },

    "U": {
        "Len": 6,
        "Cx": -47,
        "Cy": -74,
        "Cloth": {
            "IMG": [
                "cloth16801_walk_1_0.png",
                "cloth16801_walk_1_1.png",
                "cloth16801_walk_1_2.png",
                "cloth16801_walk_1_3.png",
                "cloth16801_walk_1_4.png",
                "cloth16801_walk_1_5.png"
            ],
            "CX": [26, 25, 26, 26, 25, 26],
            "CY": [29, 29, 30, 29, 29, 30]
        }
    },

    "L": {
        "Len": 6,
        "Cx": -47,
        "Cy": -74,
        "Cloth": {
            "IMG": [
                "cloth16801_walk_2_0.png",
                "cloth16801_walk_2_1.png",
                "cloth16801_walk_2_2.png",
                "cloth16801_walk_2_3.png",
                "cloth16801_walk_2_4.png",
                "cloth16801_walk_2_5.png"
            ],
            "CX": [26, 25, 26, 26, 25, 26],
            "CY": [29, 29, 30, 29, 29, 30]
        }
    },

    "D": {
        "Len": 6,
        "Cx": -47,
        "Cy": -74,
        "Cloth": {
            "IMG": [
                "cloth16801_walk_3_0.png",
                "cloth16801_walk_3_1.png",
                "cloth16801_walk_3_2.png",
                "cloth16801_walk_3_3.png",
                "cloth16801_walk_3_4.png",
                "cloth16801_walk_3_5.png"
            ],
            "CX": [26, 25, 26, 26, 25, 26],
            "CY": [29, 29, 30, 29, 29, 30]
        }
    },

    "INTERVAL": 200
}