{

    "NAME": "Character10201",

    "STAND_R": {
        "Cx": -50,
        "Cy": -74,
        "Leg": {
            "IMG": [
                "leg10201_stand_0_0.png"
            ],
            "CX": [45],
            "CY": [75]
        },
        "Leg_m": {
            "IMG": [
                "leg10201_stand_m_0_0.png"
            ],
            "CX": [45],
            "CY": [75]
        },
        "Body": {
            "IMG": [
                "body1_stand_0_0.png"
            ],
            "CX": [41],
            "CY": [62]
        },
        "Cloth": {
            "IMG": [
                "cloth10201_stand_0_0.png"
            ],
            "CX": [41],
            "CY": [62]
        },
        "Cloth_m": {
            "IMG": [
                "cloth10201_stand_m_0_0.png"
            ],
            "CX": [41],
            "CY": [62]
        },
        "Face": {
            "IMG": [
                "face10201_stand_0_0.png"
            ],
            "CX": [33],
            "CY": [29]
        },
        "Hair": {
            "IMG": [
                "hair10201_stand_0_0.png"
            ],
            "CX": [18],
            "CY": [24]
        },
        "Cap": {
            "IMG": [
                "cap10201_stand_0_0.png"
            ],
            "CX": [28],
            "CY": [24]
        },
        "Cap_m": {
            "IMG": [
                "cap10201_stand_m_0_0.png"
            ],
            "CX": [28],
            "CY": [24]
        }
    },

    "STAND_U": {
        "Cx": -50,
        "Cy": -74,
        "Leg": {
            "IMG": [
                "leg10201_stand_1_0.png"
            ],
            "CX": [42],
            "CY": [73]
        },
        "Leg_m": {
            "IMG": [
                "leg10201_stand_m_1_0.png"
            ],
            "CX": [42],
            "CY": [73]
        },
        "Body": {
            "IMG": [
                "body1_stand_1_0.png"
            ],
            "CX": [37],
            "CY": [61]
        },
        "Cloth": {
            "IMG": [
                "cloth10201_stand_1_0.png"
            ],
            "CX": [36],
            "CY": [61]
        },
        "Cloth_m": {
            "IMG": [
                "cloth10201_stand_m_1_0.png"
            ],
            "CX": [36],
            "CY": [61]
        },
        "Face": {
            "IMG": [
                "face10201_stand_1_0.png"
            ],
            "CX": [32],
            "CY": [28]
        },
        "Hair": {
            "IMG": [
                "hair10201_stand_1_0.png"
            ],
            "CX": [28],
            "CY": [23]
        },
        "Cap": {
            "IMG": [
                "cap10201_stand_1_0.png"
            ],
            "CX": [28],
            "CY": [22]
        },
        "Cap_m": {
            "IMG": [
                "cap10201_stand_m_1_0.png"
            ],
            "CX": [28],
            "CY": [22]
        }
    },

    "STAND_L": {
        "Cx": -50,
        "Cy": -74,
        "Leg": {
            "IMG": [
                "leg10201_stand_2_0.png"
            ],
            "CX": [44],
            "CY": [75]
        },
        "Leg_m": {
            "IMG": [
                "leg10201_stand_m_2_0.png"
            ],
            "CX": [44],
            "CY": [75]
        },
        "Body": {
            "IMG": [
                "body1_stand_2_0.png"
            ],
            "CX": [41],
            "CY": [62]
        },
        "Cloth": {
            "IMG": [
                "cloth10201_stand_2_0.png"
            ],
            "CX": [41],
            "CY": [62]
        },
        "Cloth_m": {
            "IMG": [
                "cloth10201_stand_m_2_0.png"
            ],
            "CX": [41],
            "CY": [62]
        },
        "Face": {
            "IMG": [
                "face10201_stand_2_0.png"
            ],
            "CX": [34],
            "CY": [29]
        },
        "Hair": {
            "IMG": [
                "hair10201_stand_2_0.png"
            ],
            "CX": [32],
            "CY": [24]
        },
        "Cap": {
            "IMG": [
                "cap10201_stand_2_0.png"
            ],
            "CX": [31],
            "CY": [24]
        },
        "Cap_m": {
            "IMG": [
                "cap10201_stand_m_2_0.png"
            ],
            "CX": [31],
            "CY": [24]
        }
    },

    "STAND_D": {
        "Cx": -50,
        "Cy": -74,
        "Leg": {
            "IMG": [
                "leg10201_stand_3_0.png"
            ],
            "CX": [42],
            "CY": [73]
        },
        "Leg_m": {
            "IMG": [
                "leg10201_stand_m_3_0.png"
            ],
            "CX": [42],
            "CY": [73]
        },
        "Body": {
            "IMG": [
                "body1_stand_3_0.png"
            ],
            "CX": [37],
            "CY": [61]
        },
        "Cloth": {
            "IMG": [
                "cloth10201_stand_3_0.png"
            ],
            "CX": [36],
            "CY": [61]
        },
        "Cloth_m": {
            "IMG": [
                "cloth10201_stand_m_3_0.png"
            ],
            "CX": [36],
            "CY": [61]
        },
        "Face": {
            "IMG": [
                "face10201_stand_3_0.png"
            ],
            "CX": [32],
            "CY": [28]
        },
        "Hair": {
            "IMG": [
                "hair10201_stand_3_0.png"
            ],
            "CX": [28],
            "CY": [23]
        },
        "Cap": {
            "IMG": [
                "cap10201_stand_3_0.png"
            ],
            "CX": [28],
            "CY": [22]
        },
        "Cap_m": {
            "IMG": [
                "cap10201_stand_m_3_0.png"
            ],
            "CX": [28],
            "CY": [22]
        }
    },

    "R": {
        "Cx": -50,
        "Cy": -74,
        "Leg": {
            "IMG": [
                "leg10201_walk_0_0.png",
                "leg10201_walk_0_1.png",
                "leg10201_walk_0_2.png",
                "leg10201_walk_0_3.png",
                "leg10201_walk_0_4.png",
                "leg10201_walk_0_5.png"
            ],
            "CX": [45, 40, 39, 45, 40, 39],
            "CY": [75, 73, 72, 75, 72, 72]
        },
        "Leg_m": {
            "IMG": [
                "leg10201_walk_m_0_0.png",
                "leg10201_walk_m_0_1.png",
                "leg10201_walk_m_0_2.png",
                "leg10201_walk_m_0_3.png",
                "leg10201_walk_m_0_4.png",
                "leg10201_walk_m_0_5.png"
            ],
            "CX": [45, 40, 39, 45, 40, 39],
            "CY": [75, 73, 72, 75, 72, 72]
        },
        "Body": {
            "IMG": [
                "body1_walk_0_0.png",
                "body1_walk_0_1.png",
                "body1_walk_0_2.png",
                "body1_walk_0_3.png",
                "body1_walk_0_4.png",
                "body1_walk_0_5.png"
            ],
            "CX": [41, 41, 39, 41, 41, 39],
            "CY": [62, 62, 62, 62, 62, 62]
        },
        "Cloth": {
            "IMG": [
                "cloth10201_walk_0_0.png",
                "cloth10201_walk_0_1.png",
                "cloth10201_walk_0_2.png",
                "cloth10201_walk_0_3.png",
                "cloth10201_walk_0_4.png",
                "cloth10201_walk_0_5.png"
            ],
            "CX": [41, 41, 39, 41, 41, 39],
            "CY": [62, 62, 62, 62, 62, 62]
        },
        "Cloth_m": {
            "IMG": [
                "cloth10201_walk_m_0_0.png",
                "cloth10201_walk_m_0_1.png",
                "cloth10201_walk_m_0_2.png",
                "cloth10201_walk_m_0_3.png",
                "cloth10201_walk_m_0_4.png",
                "cloth10201_walk_m_0_5.png"
            ],
            "CX": [41, 41, 39, 41, 41, 39],
            "CY": [62, 62, 62, 62, 62, 62]
        },
        "Face": {
            "IMG": [
                "face10201_walk_0_0.png",
                "face10201_walk_0_1.png",
                "face10201_walk_0_2.png",
                "face10201_walk_0_3.png",
                "face10201_walk_0_4.png",
                "face10201_walk_0_5.png"
            ],
            "CX": [33, 33, 33, 33, 33, 33],
            "CY": [29, 29, 29, 29, 29, 29]
        },
        "Hair": {
            "IMG": [
                "hair10201_walk_0_0.png",
                "hair10201_walk_0_1.png",
                "hair10201_walk_0_2.png",
                "hair10201_walk_0_3.png",
                "hair10201_walk_0_4.png",
                "hair10201_walk_0_5.png"
            ],
            "CX": [18, 19, 20, 18, 18, 18],
            "CY": [24, 24, 24, 24, 24, 24]
        },
        "Cap": {
            "IMG": [
                "cap10201_walk_0_0.png",
                "cap10201_walk_0_1.png",
                "cap10201_walk_0_2.png",
                "cap10201_walk_0_3.png",
                "cap10201_walk_0_4.png",
                "cap10201_walk_0_5.png"
            ],
            "CX": [28, 28, 28, 28, 28, 28],
            "CY": [24, 24, 24, 24, 24, 24]
        },
        "Cap_m": {
            "IMG": [
                "cap10201_walk_m_0_0.png",
                "cap10201_walk_m_0_1.png",
                "cap10201_walk_m_0_2.png",
                "cap10201_walk_m_0_3.png",
                "cap10201_walk_m_0_4.png",
                "cap10201_walk_m_0_5.png"
            ],
            "CX": [28, 28, 28, 28, 28, 28],
            "CY": [24, 24, 24, 24, 24, 24]
        }
    },

    "U": {
        "Cx": -50,
        "Cy": -74,
        "Leg": {
            "IMG": [
                "leg10201_walk_1_0.png",
                "leg10201_walk_1_1.png",
                "leg10201_walk_1_2.png",
                "leg10201_walk_1_3.png",
                "leg10201_walk_1_4.png",
                "leg10201_walk_1_5.png"
            ],
            "CX": [42, 42, 42, 42, 42, 42],
            "CY": [73, 73, 73, 73, 73, 73]
        },
        "Leg_m": {
            "IMG": [
                "leg10201_walk_m_1_0.png",
                "leg10201_walk_m_1_1.png",
                "leg10201_walk_m_1_2.png",
                "leg10201_walk_m_1_3.png",
                "leg10201_walk_m_1_4.png",
                "leg10201_walk_m_1_5.png"
            ],
            "CX": [42, 42, 42, 42, 42, 42],
            "CY": [73, 73, 73, 73, 73, 73]
        },
        "Body": {
            "IMG": [
                "body1_walk_1_0.png",
                "body1_walk_1_1.png",
                "body1_walk_1_2.png",
                "body1_walk_1_3.png",
                "body1_walk_1_4.png",
                "body1_walk_1_5.png"
            ],
            "CX": [37, 37, 38, 37, 37, 40],
            "CY": [61, 61, 61, 61, 61, 61]
        },
        "Cloth": {
            "IMG": [
                "cloth10201_walk_1_0.png",
                "cloth10201_walk_1_1.png",
                "cloth10201_walk_1_2.png",
                "cloth10201_walk_1_3.png",
                "cloth10201_walk_1_4.png",
                "cloth10201_walk_1_5.png"
            ],
            "CX": [36, 37, 38, 36, 38, 40],
            "CY": [61, 61, 61, 61, 61, 61]
        },
        "Cloth_m": {
            "IMG": [
                "cloth10201_walk_m_1_0.png",
                "cloth10201_walk_m_1_1.png",
                "cloth10201_walk_m_1_2.png",
                "cloth10201_walk_m_1_3.png",
                "cloth10201_walk_m_1_4.png",
                "cloth10201_walk_m_1_5.png"
            ],
            "CX": [36, 37, 38, 36, 38, 40],
            "CY": [61, 61, 61, 61, 61, 61]
        },
        "Face": {
            "IMG": [
                "face10201_walk_1_0.png",
                "face10201_walk_1_1.png",
                "face10201_walk_1_2.png",
                "face10201_walk_1_3.png",
                "face10201_walk_1_4.png",
                "face10201_walk_1_5.png"
            ],
            "CX": [32, 33, 34, 32, 32, 33],
            "CY": [28, 28, 28, 28, 28, 28]
        },
        "Hair": {
            "IMG": [
                "hair10201_walk_1_0.png",
                "hair10201_walk_1_1.png",
                "hair10201_walk_1_2.png",
                "hair10201_walk_1_3.png",
                "hair10201_walk_1_4.png",
                "hair10201_walk_1_5.png"
            ],
            "CX": [28, 27, 26, 28, 29, 30],
            "CY": [23, 23, 23, 23, 23, 23]
        },
        "Cap": {
            "IMG": [
                "cap10201_walk_1_0.png",
                "cap10201_walk_1_1.png",
                "cap10201_walk_1_2.png",
                "cap10201_walk_1_3.png",
                "cap10201_walk_1_4.png",
                "cap10201_walk_1_5.png"
            ],
            "CX": [28, 28, 28, 28, 28, 28],
            "CY": [22, 22, 22, 22, 22, 22]
        },
        "Cap_m": {
            "IMG": [
                "cap10201_walk_m_1_0.png",
                "cap10201_walk_m_1_1.png",
                "cap10201_walk_m_1_2.png",
                "cap10201_walk_m_1_3.png",
                "cap10201_walk_m_1_4.png",
                "cap10201_walk_m_1_5.png"
            ],
            "CX": [28, 28, 28, 28, 28, 28],
            "CY": [22, 22, 22, 22, 22, 22]
        }
    },

    "L": {
        "Cx": -50,
        "Cy": -74,
        "Leg": {
            "IMG": [
                "leg10201_walk_2_0.png",
                "leg10201_walk_2_1.png",
                "leg10201_walk_2_2.png",
                "leg10201_walk_2_3.png",
                "leg10201_walk_2_4.png",
                "leg10201_walk_2_5.png"
            ],
            "CX": [44, 39, 40, 44, 39, 39],
            "CY": [75, 73, 72, 75, 72, 72]
        },
        "Leg_m": {
            "IMG": [
                "leg10201_walk_m_2_0.png",
                "leg10201_walk_m_2_1.png",
                "leg10201_walk_m_2_2.png",
                "leg10201_walk_m_2_3.png",
                "leg10201_walk_m_2_4.png",
                "leg10201_walk_m_2_5.png"
            ],
            "CX": [44, 39, 40, 44, 39, 39],
            "CY": [75, 73, 72, 75, 72, 72]
        },
        "Body": {
            "IMG": [
                "body1_walk_2_0.png",
                "body1_walk_2_1.png",
                "body1_walk_2_2.png",
                "body1_walk_2_3.png",
                "body1_walk_2_4.png",
                "body1_walk_2_5.png"
            ],
            "CX": [41, 41, 39, 41, 41, 39],
            "CY": [62, 62, 62, 62, 62, 62]
        },
        "Cloth": {
            "IMG": [
                "cloth10201_walk_2_0.png",
                "cloth10201_walk_2_1.png",
                "cloth10201_walk_2_2.png",
                "cloth10201_walk_2_3.png",
                "cloth10201_walk_2_4.png",
                "cloth10201_walk_2_5.png"
            ],
            "CX": [41, 41, 39, 41, 41, 39],
            "CY": [62, 62, 62, 62, 62, 62]
        },
        "Cloth_m": {
            "IMG": [
                "cloth10201_walk_m_2_0.png",
                "cloth10201_walk_m_2_1.png",
                "cloth10201_walk_m_2_2.png",
                "cloth10201_walk_m_2_3.png",
                "cloth10201_walk_m_2_4.png",
                "cloth10201_walk_m_2_5.png"
            ],
            "CX": [41, 41, 39, 41, 41, 39],
            "CY": [62, 62, 62, 62, 62, 62]
        },
        "Face": {
            "IMG": [
                "face10201_walk_2_0.png",
                "face10201_walk_2_1.png",
                "face10201_walk_2_2.png",
                "face10201_walk_2_3.png",
                "face10201_walk_2_4.png",
                "face10201_walk_2_5.png"
            ],
            "CX": [34, 34, 34, 34, 34, 34],
            "CY": [29, 29, 29, 29, 29, 29]
        },
        "Hair": {
            "IMG": [
                "hair10201_walk_2_0.png",
                "hair10201_walk_2_1.png",
                "hair10201_walk_2_2.png",
                "hair10201_walk_2_3.png",
                "hair10201_walk_2_4.png",
                "hair10201_walk_2_5.png"
            ],
            "CX": [32, 32, 32, 32, 32, 32],
            "CY": [24, 24, 24, 24, 24, 24]
        },
        "Cap": {
            "IMG": [
                "cap10201_walk_2_0.png",
                "cap10201_walk_2_1.png",
                "cap10201_walk_2_2.png",
                "cap10201_walk_2_3.png",
                "cap10201_walk_2_4.png",
                "cap10201_walk_2_5.png"
            ],
            "CX": [31, 31, 32, 31, 31, 31],
            "CY": [24, 24, 24, 24, 24, 24]
        },
        "Cap_m": {
            "IMG": [
                "cap10201_walk_m_2_0.png",
                "cap10201_walk_m_2_1.png",
                "cap10201_walk_m_2_2.png",
                "cap10201_walk_m_2_3.png",
                "cap10201_walk_m_2_4.png",
                "cap10201_walk_m_2_5.png"
            ],
            "CX": [31, 31, 32, 31, 31, 31],
            "CY": [24, 24, 24, 24, 24, 24]
        }
    },

    "D": {
        "Cx": -50,
        "Cy": -74,
        "Leg": {
            "IMG": [
                "leg10201_walk_3_0.png",
                "leg10201_walk_3_1.png",
                "leg10201_walk_3_2.png",
                "leg10201_walk_3_3.png",
                "leg10201_walk_3_4.png",
                "leg10201_walk_3_5.png"
            ],
            "CX": [42, 42, 42, 42, 42, 42],
            "CY": [73, 73, 73, 73, 73, 73]
        },
        "Leg_m": {
            "IMG": [
                "leg10201_walk_m_3_0.png",
                "leg10201_walk_m_3_1.png",
                "leg10201_walk_m_3_2.png",
                "leg10201_walk_m_3_3.png",
                "leg10201_walk_m_3_4.png",
                "leg10201_walk_m_3_5.png"
            ],
            "CX": [42, 42, 42, 42, 42, 42],
            "CY": [73, 73, 73, 73, 73, 73]
        },
        "Body": {
            "IMG": [
                "body1_walk_3_0.png",
                "body1_walk_3_1.png",
                "body1_walk_3_2.png",
                "body1_walk_3_3.png",
                "body1_walk_3_4.png",
                "body1_walk_3_5.png"
            ],
            "CX": [37, 37, 38, 37, 37, 40],
            "CY": [61, 61, 61, 61, 61, 61]
        },
        "Cloth": {
            "IMG": [
                "cloth10201_walk_3_0.png",
                "cloth10201_walk_3_1.png",
                "cloth10201_walk_3_2.png",
                "cloth10201_walk_3_3.png",
                "cloth10201_walk_3_4.png",
                "cloth10201_walk_3_5.png"
            ],
            "CX": [36, 37, 38, 36, 38, 40],
            "CY": [61, 61, 61, 61, 61, 61]
        },
        "Cloth_m": {
            "IMG": [
                "cloth10201_walk_m_3_0.png",
                "cloth10201_walk_m_3_1.png",
                "cloth10201_walk_m_3_2.png",
                "cloth10201_walk_m_3_3.png",
                "cloth10201_walk_m_3_4.png",
                "cloth10201_walk_m_3_5.png"
            ],
            "CX": [36, 37, 38, 36, 38, 40],
            "CY": [61, 61, 61, 61, 61, 61]
        },
        "Face": {
            "IMG": [
                "face10201_walk_3_0.png",
                "face10201_walk_3_1.png",
                "face10201_walk_3_2.png",
                "face10201_walk_3_3.png",
                "face10201_walk_3_4.png",
                "face10201_walk_3_5.png"
            ],
            "CX": [32, 32, 32, 32, 32, 32],
            "CY": [28, 28, 28, 28, 28, 28]
        },
        "Hair": {
            "IMG": [
                "hair10201_walk_3_0.png",
                "hair10201_walk_3_1.png",
                "hair10201_walk_3_2.png",
                "hair10201_walk_3_3.png",
                "hair10201_walk_3_4.png",
                "hair10201_walk_3_5.png"
            ],
            "CX": [28, 28, 28, 28, 28, 28],
            "CY": [23, 23, 23, 23, 23, 23]
        },
        "Cap": {
            "IMG": [
                "cap10201_walk_3_0.png",
                "cap10201_walk_3_1.png",
                "cap10201_walk_3_2.png",
                "cap10201_walk_3_3.png",
                "cap10201_walk_3_4.png",
                "cap10201_walk_3_5.png"
            ],
            "CX": [28, 28, 28, 28, 28, 28],
            "CY": [22, 22, 22, 22, 22, 22]
        },
        "Cap_m": {
            "IMG": [
                "cap10201_walk_m_3_0.png",
                "cap10201_walk_m_3_1.png",
                "cap10201_walk_m_3_2.png",
                "cap10201_walk_m_3_3.png",
                "cap10201_walk_m_3_4.png",
                "cap10201_walk_m_3_5.png"
            ],
            "CX": [28, 28, 28, 28, 28, 28],
            "CY": [22, 22, 22, 22, 22, 22]
        }
    },
    "LOSE": {
        "Len": 2,
        "Cx": -50,
        "Cy": -74,
        "Cloth": {
            "IMG": [
                "cloth10201_lose_0_0.png",
                "cloth10201_lose_0_1.png"
            ],
            "CX": [15, 13],
            "CY": [28, 31]
        },
        "Cloth_m": {
            "IMG": [
                "cloth10201_lose_m_0_0.png",
                "cloth10201_lose_m_0_1.png"
            ],
            "CX": [30, 30],
            "CY": [36, 34]
        }
    },

    "INTERVAL": 100
}