{

    "NAME": "Character10900",

    "STAND_R": {
        "Len": 6,
        "Cx": -47,
        "Cy": -71,
        "Body": {
            "IMG": [
                "body10900_stand_0_0.png"
            ],
            "CX": [20],
            "CY": [20]
        },
        "Body_m": {
            "IMG": [
                "body10900_stand_m_0_0.png"
            ],
            "CX": [20],
            "CY": [20]
        }
    },

    "STAND_U": {
        "Len": 6,
        "Cx": -44,
        "Cy": -71,
        "Body": {
            "IMG": [
                "body10900_stand_1_0.png"
            ],
            "CX": [20],
            "CY": [20]
        },
        "Body_m": {
            "IMG": [
                "body10900_stand_m_1_0.png"
            ],
            "CX": [20],
            "CY": [20]
        }
    },

    "STAND_L": {
        "Len": 6,
        "Cx": -39,
        "Cy": -71,
        "Body": {
            "IMG": [
                "body10900_stand_2_0.png"
            ],
            "CX": [20],
            "CY": [20]
        },
        "Body_m": {
            "IMG": [
                "body10900_stand_m_2_0.png"
            ],
            "CX": [20],
            "CY": [20]
        }
    },

    "STAND_D": {
        "Len": 6,
        "Cx": -44,
        "Cy": -71,
        "Body": {
            "IMG": [
                "body10900_stand_3_0.png"
            ],
            "CX": [20],
            "CY": [20]
        },
        "Body_m": {
            "IMG": [
                "body10900_stand_m_3_0.png"
            ],
            "CX": [20],
            "CY": [20]
        }
    },

    "R": {
        "Len": 6,
        "Cx": -47,
        "Cy": -69,
        "Body": {
            "IMG": [
                "body10900_walk_0_0.png",
                "body10900_walk_0_1.png",
                "body10900_walk_0_2.png",
                "body10900_walk_0_3.png",
                "body10900_walk_0_4.png",
                "body10900_walk_0_5.png"
            ],
            "CX": [20, 20, 20, 20, 20, 20],
            "CY": [20, 20, 20, 20, 20, 20]
        },
		"Body_m": {
            "IMG": [
                "body10900_walk_m_0_0.png",
                "body10900_walk_m_0_1.png",
                "body10900_walk_m_0_2.png",
                "body10900_walk_m_0_3.png",
                "body10900_walk_m_0_4.png",
                "body10900_walk_m_0_5.png"
            ],
            "CX": [20, 20, 20, 20, 20, 20],
            "CY": [20, 20, 20, 20, 20, 20]
        }
    },

    "U": {
        "Len": 6,
        "Cx": -44,
        "Cy": -71,
        "Body": {
            "IMG": [
                "body10900_walk_1_0.png",
                "body10900_walk_1_1.png",
                "body10900_walk_1_2.png",
                "body10900_walk_1_3.png",
                "body10900_walk_1_4.png",
                "body10900_walk_1_5.png"
            ],
            "CX": [20, 20, 20, 20, 20, 20],
            "CY": [20, 20, 20, 20, 20, 20]
        },
		"Body_m": {
            "IMG": [
                "body10900_walk_m_1_0.png",
                "body10900_walk_m_1_1.png",
                "body10900_walk_m_1_2.png",
                "body10900_walk_m_1_3.png",
                "body10900_walk_m_1_4.png",
                "body10900_walk_m_1_5.png"
            ],
            "CX": [20, 20, 20, 20, 20, 20],
            "CY": [20, 20, 20, 20, 20, 20]
        }
    },

    "L": {
        "Len": 6,
        "Cx": -39,
        "Cy": -69,
        "Body": {
            "IMG": [
                "body10900_walk_2_0.png",
                "body10900_walk_2_1.png",
                "body10900_walk_2_2.png",
                "body10900_walk_2_3.png",
                "body10900_walk_2_4.png",
                "body10900_walk_2_5.png"
            ],
            "CX": [20, 20, 20, 20, 20, 20],
            "CY": [20, 20, 20, 20, 20, 20]
        },
		"Body_m": {
            "IMG": [
                "body10900_walk_m_2_0.png",
                "body10900_walk_m_2_1.png",
                "body10900_walk_m_2_2.png",
                "body10900_walk_m_2_3.png",
                "body10900_walk_m_2_4.png",
                "body10900_walk_m_2_5.png"
            ],
            "CX": [20, 20, 20, 20, 20, 20],
            "CY": [20, 20, 20, 20, 20, 20]
        }
    },

    "D": {
        "Len": 6,
        "Cx": -44,
        "Cy": -71,
        "Body": {
            "IMG": [
                "body10900_walk_3_0.png",
                "body10900_walk_3_1.png",
                "body10900_walk_3_2.png",
                "body10900_walk_3_3.png",
                "body10900_walk_3_4.png",
                "body10900_walk_3_5.png"
            ],
            "CX": [20, 20, 20, 20, 20, 20],
            "CY": [20, 20, 20, 20, 20, 20]
        },
		"Body_m": {
            "IMG": [
                "body10900_walk_m_3_0.png",
                "body10900_walk_m_3_1.png",
                "body10900_walk_m_3_2.png",
                "body10900_walk_m_3_3.png",
                "body10900_walk_m_3_4.png",
                "body10900_walk_m_3_5.png"
            ],
            "CX": [20, 20, 20, 20, 20, 20],
            "CY": [20, 20, 20, 20, 20, 20]
        }
    },
	"LOSE": {
        "Cx": -44,
        "Cy": -71,
		"Cloth": {
            "IMG": [
                "cloth10900_lose_0_0.png",
                "cloth10900_lose_0_1.png"
            ],
            "CX": [10, 8],
            "CY": [25, 28]
        },
        "Cloth_m": {
            "IMG": [
                "cloth10900_lose_m_0_0.png",
                "cloth10900_lose_m_0_1.png"
            ],
            "CX": [22, 22],
            "CY": [34, 33]
        }  
    },

    "INTERVAL": 100
}