{

    "NAME": "Character16701",

    "STAND_R": {
        "Len": 6,
        "Cx": -50,
        "Cy": -74,
        "Cloth": {
            "IMG": [
                "cloth16701_stand_0_0.png",
                "cloth16701_stand_0_1.png",
                "cloth16701_stand_0_2.png",
                "cloth16701_stand_0_3.png",
                "cloth16701_stand_0_4.png",
                "cloth16701_stand_0_5.png"
            ],
            "CX": [18, 18, 18, 18, 18, 18],
            "CY": [7, 8, 8, 7, 8, 8]
        }
    },

    "STAND_U": {
        "Len": 6,
        "Cx": -50,
        "Cy": -74,
        "Cloth": {
            "IMG": [
                "cloth16701_stand_0_0.png",
                "cloth16701_stand_0_1.png",
                "cloth16701_stand_0_2.png",
                "cloth16701_stand_0_3.png",
                "cloth16701_stand_0_4.png",
                "cloth16701_stand_0_5.png"
            ],
            "CX": [18, 18, 18, 18, 18, 18],
            "CY": [7, 8, 8, 7, 8, 8]
        }
    },

    "STAND_L": {
        "Len": 6,
        "Cx": -50,
        "Cy": -74,
        "Cloth": {
            "IMG": [
                "cloth16701_stand_0_0.png",
                "cloth16701_stand_0_1.png",
                "cloth16701_stand_0_2.png",
                "cloth16701_stand_0_3.png",
                "cloth16701_stand_0_4.png",
                "cloth16701_stand_0_5.png"
            ],
            "CX": [18, 18, 18, 18, 18, 18],
            "CY": [7, 8, 8, 7, 8, 8]
        }
    },

    "STAND_D": {
        "Len": 6,
        "Cx": -50,
        "Cy": -74,
        "Cloth": {
            "IMG": [
                "cloth16701_stand_0_0.png",
                "cloth16701_stand_0_1.png",
                "cloth16701_stand_0_2.png",
                "cloth16701_stand_0_3.png",
                "cloth16701_stand_0_4.png",
                "cloth16701_stand_0_5.png"
            ],
            "CX": [18, 18, 18, 18, 18, 18],
            "CY": [7, 8, 8, 7, 8, 8]
        }
    },

    "R": {
        "Len": 6,
        "Cx": -50,
        "Cy": -74,
        "Cloth": {
            "IMG": [
                "cloth16701_walk_0_0.png",
                "cloth16701_walk_0_1.png",
                "cloth16701_walk_0_2.png",
                "cloth16701_walk_0_3.png",
                "cloth16701_walk_0_4.png",
                "cloth16701_walk_0_5.png"
            ],
            "CX": [11, 11, 11, 11, 11, 11],
            "CY": [8, 9, 8, 8, 9, 8]
        }
    },

    "U": {
        "Len": 6,
        "Cx": -50,
        "Cy": -74,
        "Cloth": {
            "IMG": [
                "cloth16701_walk_1_0.png",
                "cloth16701_walk_1_1.png",
                "cloth16701_walk_1_2.png",
                "cloth16701_walk_1_3.png",
                "cloth16701_walk_1_4.png",
                "cloth16701_walk_1_5.png"
            ],
            "CX": [18, 18, 18, 18, 18, 18],
            "CY": [9, 10, 10, 9, 10, 10]
        }
    },

    "L": {
        "Len": 6,
        "Cx": -50,
        "Cy": -74,
        "Cloth": {
            "IMG": [
                "cloth16701_walk_2_0.png",
                "cloth16701_walk_2_1.png",
                "cloth16701_walk_2_2.png",
                "cloth16701_walk_2_3.png",
                "cloth16701_walk_2_4.png",
                "cloth16701_walk_2_5.png"
            ],
            "CX": [4, 4, 4, 4, 4, 4],
            "CY": [8, 9, 8, 8, 9, 8]
        }
    },

    "D": {
        "Len": 6,
        "Cx": -50,
        "Cy": -74,
        "Cloth": {
            "IMG": [
                "cloth16701_walk_3_0.png",
                "cloth16701_walk_3_1.png",
                "cloth16701_walk_3_2.png",
                "cloth16701_walk_3_3.png",
                "cloth16701_walk_3_4.png",
                "cloth16701_walk_3_5.png"
            ],
            "CX": [18, 18, 18, 18, 18, 18],
            "CY": [7, 8, 8, 7, 8, 8]
        }
    },

    "INTERVAL": 200
}