{

    "NAME": "Character17101",

    "STAND_R": {
        "Len": 6,
        "Cx": -55,
        "Cy": -90,
        "Cloth": {
            "IMG": [
                "cloth17101_stand_0_0.png",
                "cloth17101_stand_0_1.png",
                "cloth17101_stand_0_2.png",
                "cloth17101_stand_0_3.png",
                "cloth17101_stand_0_4.png",
                "cloth17101_stand_0_5.png"
            ],
            "CX": [27, 27, 27, 27, 27, 27],
            "CY": [18, 20, 19, 18, 20, 19]
        }
    },

    "STAND_U": {
        "Len": 6,
        "Cx": -55,
        "Cy": -90,
        "Cloth": {
            "IMG": [
                "cloth17101_stand_0_0.png",
                "cloth17101_stand_0_1.png",
                "cloth17101_stand_0_2.png",
                "cloth17101_stand_0_3.png",
                "cloth17101_stand_0_4.png",
                "cloth17101_stand_0_5.png"
            ],
            "CX": [27, 27, 27, 27, 27, 27],
            "CY": [18, 20, 19, 18, 20, 19]
        }
    },

    "STAND_L": {
        "Len": 6,
        "Cx": -55,
        "Cy": -90,
        "Cloth": {
            "IMG": [
                "cloth17101_stand_0_0.png",
                "cloth17101_stand_0_1.png",
                "cloth17101_stand_0_2.png",
                "cloth17101_stand_0_3.png",
                "cloth17101_stand_0_4.png",
                "cloth17101_stand_0_5.png"
            ],
            "CX": [27, 27, 27, 27, 27, 27],
            "CY": [18, 20, 19, 18, 20, 19]
        }
    },

    "STAND_D": {
        "Len": 6,
        "Cx": -55,
        "Cy": -90,
        "Cloth": {
            "IMG": [
                "cloth17101_stand_0_0.png",
                "cloth17101_stand_0_1.png",
                "cloth17101_stand_0_2.png",
                "cloth17101_stand_0_3.png",
                "cloth17101_stand_0_4.png",
                "cloth17101_stand_0_5.png"
            ],
            "CX": [27, 27, 27, 27, 27, 27],
            "CY": [18, 20, 19, 18, 20, 19]
        }
    },

    "R": {
        "Len": 6,
        "Cx": -58,
        "Cy": -90,
        "Cloth": {
            "IMG": [
                "cloth17101_walk_0_0.png",
                "cloth17101_walk_0_1.png",
                "cloth17101_walk_0_2.png",
                "cloth17101_walk_0_3.png",
                "cloth17101_walk_0_4.png",
                "cloth17101_walk_0_5.png"
            ],
            "CX": [30, 30, 30, 30, 30, 30],
            "CY": [21, 20, 22, 21, 20, 22]
        }
    },

    "U": {
        "Len": 6,
        "Cx": -55,
        "Cy": -90,
        "Cloth": {
            "IMG": [
                "cloth17101_walk_1_0.png",
                "cloth17101_walk_1_1.png",
                "cloth17101_walk_1_2.png",
                "cloth17101_walk_1_3.png",
                "cloth17101_walk_1_4.png",
                "cloth17101_walk_1_5.png"
            ],
            "CX": [29, 29, 29, 29, 29, 29],
            "CY": [20, 22, 21, 20, 22, 21]
        }
    },

    "L": {
        "Len": 6,
        "Cx": -55,
        "Cy": -90,
        "Cloth": {
            "IMG": [
                "cloth17101_walk_2_0.png",
                "cloth17101_walk_2_1.png",
                "cloth17101_walk_2_2.png",
                "cloth17101_walk_2_3.png",
                "cloth17101_walk_2_4.png",
                "cloth17101_walk_2_5.png"
            ],
            "CX": [22, 22, 22, 22, 22, 22],
            "CY": [21, 20, 22, 21, 20, 22]
        }
    },

    "D": {
        "Len": 6,
        "Cx": -55,
        "Cy": -90,
        "Cloth": {
            "IMG": [
                "cloth17101_walk_3_0.png",
                "cloth17101_walk_3_1.png",
                "cloth17101_walk_3_2.png",
                "cloth17101_walk_3_3.png",
                "cloth17101_walk_3_4.png",
                "cloth17101_walk_3_5.png"
            ],
            "CX": [29, 29, 29, 29, 29, 29],
            "CY": [20, 22, 21, 20, 22, 21]
        }
    },

    "INTERVAL": 200
}