{

    "NAME": "Character101",

    "STAND_R": {
        "Len": 1,
        "Cx": -50,
        "Cy": -74,
        "Cloth": {
            "IMG": [
                "pet101_stand_0_0.png",
				"pet101_stand_0_1.png",
				"pet101_stand_0_2.png",
				"pet101_stand_0_3.png",
				"pet101_stand_0_4.png",
				"pet101_stand_0_5.png"
            ],
            "CX": [20, 12, 12, 13, 11, 9],
            "CY": [21, 23, 19, 14, 14, 18]
        }
    },

    "STAND_U": {
        "Len": 1,
        "Cx": -50,
        "Cy": -74,
        "Cloth": {
            "IMG": [
                "pet101_stand_1_0.png",
				"pet101_stand_1_1.png",
				"pet101_stand_1_2.png",
				"pet101_stand_1_3.png",
				"pet101_stand_1_4.png",
				"pet101_stand_1_5.png"
            ],
            "CX": [20, 12, 12, 14, 13, 11],
            "CY": [21, 23, 19, 14, 14, 18]
        }
    },

    "STAND_L": {
        "Len": 1,
        "Cx": -50,
        "Cy": -74,
        "Cloth": {
            "IMG": [
                "pet101_stand_2_0.png",
				"pet101_stand_2_1.png",
				"pet101_stand_2_2.png",
				"pet101_stand_2_3.png",
				"pet101_stand_2_4.png",
				"pet101_stand_2_5.png"
            ],
            "CX": [32, 32, 32, 32, 32, 32],
            "CY": [21, 23, 19, 14, 14, 18]
        }
    },

    "STAND_D": {
        "Len": 1,
        "Cx": -50,
        "Cy": -74,
        "Cloth": {
            "IMG": [
                "pet101_stand_3_0.png",
				"pet101_stand_3_1.png",
				"pet101_stand_3_2.png",
				"pet101_stand_3_3.png",
				"pet101_stand_3_4.png",
				"pet101_stand_3_5.png"
            ],
            "CX": [20, 12, 13, 15, 13, 11],
            "CY": [21, 23, 19, 14, 14, 18]
        }
    },

    "R": {
        "Len": 6,
        "Cx": -50,
        "Cy": -74,
        "Cloth": {
            "IMG": [
                "pet101_stand_0_0.png",
				"pet101_stand_0_1.png",
				"pet101_stand_0_2.png",
				"pet101_stand_0_3.png",
				"pet101_stand_0_4.png",
				"pet101_stand_0_5.png"
            ],
            "CX": [20, 12, 12, 13, 11, 9],
            "CY": [21, 23, 19, 14, 14, 18]
        }
    },

    "U": {
        "Len": 6,
        "Cx": -50,
        "Cy": -74,
        "Cloth": {
            "IMG": [
                "pet101_stand_1_0.png",
				"pet101_stand_1_1.png",
				"pet101_stand_1_2.png",
				"pet101_stand_1_3.png",
				"pet101_stand_1_4.png",
				"pet101_stand_1_5.png"
            ],
            "CX": [20, 12, 12, 14, 13, 11],
            "CY": [21, 23, 19, 14, 14, 18]
        }
    },

    "L": {
        "Len": 6,
        "Cx": -50,
        "Cy": -74,
        "Cloth": {
            "IMG": [
                "pet101_stand_2_0.png",
				"pet101_stand_2_1.png",
				"pet101_stand_2_2.png",
				"pet101_stand_2_3.png",
				"pet101_stand_2_4.png",
				"pet101_stand_2_5.png"
            ],
            "CX": [32, 32, 32, 32, 32, 32],
            "CY": [21, 23, 19, 14, 14, 18]
        }
    },

    "D": {
        "Len": 6,
        "Cx": -50,
        "Cy": -74,
        "Cloth": {
            "IMG": [
                "pet101_stand_3_0.png",
				"pet101_stand_3_1.png",
				"pet101_stand_3_2.png",
				"pet101_stand_3_3.png",
				"pet101_stand_3_4.png",
				"pet101_stand_3_5.png"
            ],
            "CX": [20, 12, 13, 15, 13, 11],
            "CY": [21, 23, 19, 14, 14, 18]
        }
    },

    "INTERVAL": 200
}