{

    "NAME": "Character17201",

    "STAND_R": {
        "Len": 6,
        "Cx": -64,
        "Cy": -82,
        "Cloth": {
            "IMG": [
                "cloth17201_stand_0_0.png",
                "cloth17201_stand_0_1.png",
                "cloth17201_stand_0_2.png",
                "cloth17201_stand_0_3.png",
                "cloth17201_stand_0_4.png",
                "cloth17201_stand_0_5.png"
            ],
            "CX": [15, 15, 15, 15, 15, 15],
            "CY": [19, 19, 19, 19, 19, 19]
        }
    },

    "STAND_U": {
        "Len": 6,
        "Cx": -64,
        "Cy": -82,
        "Cloth": {
            "IMG": [
                "cloth17201_stand_0_0.png",
                "cloth17201_stand_0_1.png",
                "cloth17201_stand_0_2.png",
                "cloth17201_stand_0_3.png",
                "cloth17201_stand_0_4.png",
                "cloth17201_stand_0_5.png"
            ],
            "CX": [15, 15, 15, 15, 15, 15],
            "CY": [19, 19, 19, 19, 19, 19]
        }
    },

    "STAND_L": {
        "Len": 6,
        "Cx": -64,
        "Cy": -82,
        "Cloth": {
            "IMG": [
                "cloth17201_stand_0_0.png",
                "cloth17201_stand_0_1.png",
                "cloth17201_stand_0_2.png",
                "cloth17201_stand_0_3.png",
                "cloth17201_stand_0_4.png",
                "cloth17201_stand_0_5.png"
            ],
            "CX": [15, 15, 15, 15, 15, 15],
            "CY": [19, 19, 19, 19, 19, 19]
        }
    },

    "STAND_D": {
        "Len": 6,
        "Cx": -64,
        "Cy": -82,
        "Cloth": {
            "IMG": [
                "cloth17201_stand_0_0.png",
                "cloth17201_stand_0_1.png",
                "cloth17201_stand_0_2.png",
                "cloth17201_stand_0_3.png",
                "cloth17201_stand_0_4.png",
                "cloth17201_stand_0_5.png"
            ],
            "CX": [15, 15, 15, 15, 15, 15],
            "CY": [19, 19, 19, 19, 19, 19]
        }
    },

    "R": {
        "Len": 6,
        "Cx": -64,
        "Cy": -82,
        "Cloth": {
            "IMG": [
                "cloth17201_walk_0_0.png",
                "cloth17201_walk_0_1.png",
                "cloth17201_walk_0_2.png",
                "cloth17201_walk_0_3.png",
                "cloth17201_walk_0_4.png",
                "cloth17201_walk_0_5.png"
            ],
            "CX": [26, 26, 26, 26, 26, 26],
            "CY": [19, 19, 19, 19, 19, 19]
        }
    },

    "U": {
        "Len": 6,
        "Cx": -64,
        "Cy": -82,
        "Cloth": {
            "IMG": [
                "cloth17201_walk_1_0.png",
                "cloth17201_walk_1_1.png",
                "cloth17201_walk_1_2.png",
                "cloth17201_walk_1_3.png",
                "cloth17201_walk_1_4.png",
                "cloth17201_walk_1_5.png"
            ],
            "CX": [15, 15, 15, 15, 15, 15],
            "CY": [19, 19, 19, 19, 19, 19]
        }
    },

    "L": {
        "Len": 6,
        "Cx": -64,
        "Cy": -82,
        "Cloth": {
            "IMG": [
                "cloth17201_walk_2_0.png",
                "cloth17201_walk_2_1.png",
                "cloth17201_walk_2_2.png",
                "cloth17201_walk_2_3.png",
                "cloth17201_walk_2_4.png",
                "cloth17201_walk_2_5.png"
            ],
            "CX": [30, 30, 30, 30, 30, 30],
            "CY": [19, 19, 19, 19, 19, 19]
        }
    },

    "D": {
        "Len": 6,
        "Cx": -64,
        "Cy": -82,
        "Cloth": {
            "IMG": [
                "cloth17201_walk_3_0.png",
                "cloth17201_walk_3_1.png",
                "cloth17201_walk_3_2.png",
                "cloth17201_walk_3_3.png",
                "cloth17201_walk_3_4.png",
                "cloth17201_walk_3_5.png"
            ],
            "CX": [15, 15, 15, 15, 15, 15],
            "CY": [19, 19, 19, 19, 19, 19]
        }
    },

    "INTERVAL": 200
}