{

    "NAME": "Character18810",

    "STAND_R": {
        "Len": 6,
        "Cx": -50,
        "Cy": -74,
        "Cloth": {
            "IMG": [
                "cloth18810_stand_0_0.png",
                "cloth18810_stand_0_1.png",
                "cloth18810_stand_0_2.png",
                "cloth18810_stand_0_3.png",
                "cloth18810_stand_0_4.png",
                "cloth18810_stand_0_5.png"
            ],
            "CX": [32, 31, 32, 32, 31, 32],
            "CY": [37, 40, 38, 37, 40, 38]
        }
    },

    "STAND_U": {
        "Len": 6,
        "Cx": -50,
        "Cy": -74,
        "Cloth": {
            "IMG": [
                "cloth18810_stand_0_0.png",
                "cloth18810_stand_0_1.png",
                "cloth18810_stand_0_2.png",
                "cloth18810_stand_0_3.png",
                "cloth18810_stand_0_4.png",
                "cloth18810_stand_0_5.png"
            ],
            "CX": [32, 31, 32, 32, 31, 32],
            "CY": [37, 40, 38, 37, 40, 38]
        }
    },

    "STAND_L": {
        "Len": 6,
        "Cx": -50,
        "Cy": -74,
        "Cloth": {
            "IMG": [
                "cloth18810_stand_0_0.png",
                "cloth18810_stand_0_1.png",
                "cloth18810_stand_0_2.png",
                "cloth18810_stand_0_3.png",
                "cloth18810_stand_0_4.png",
                "cloth18810_stand_0_5.png"
            ],
            "CX": [32, 31, 32, 32, 31, 32],
            "CY": [37, 40, 38, 37, 40, 38]
        }
    },

    "STAND_D": {
        "Len": 6,
        "Cx": -50,
        "Cy": -74,
        "Cloth": {
            "IMG": [
                "cloth18810_stand_0_0.png",
                "cloth18810_stand_0_1.png",
                "cloth18810_stand_0_2.png",
                "cloth18810_stand_0_3.png",
                "cloth18810_stand_0_4.png",
                "cloth18810_stand_0_5.png"
            ],
            "CX": [32, 31, 32, 32, 31, 32],
            "CY": [37, 40, 38, 37, 40, 38]
        }
    },

    "R": {
        "Len": 6,
        "Cx": -50,
        "Cy": -74,
        "Cloth": {
            "IMG": [
                "cloth18810_walk_0_0.png",
                "cloth18810_walk_0_1.png",
                "cloth18810_walk_0_2.png",
                "cloth18810_walk_0_3.png",
                "cloth18810_walk_0_4.png",
                "cloth18810_walk_0_5.png"
            ],
            "CX": [33, 33, 33, 33, 33, 33],
            "CY": [38, 41, 39, 38, 41, 39]
        }
    },

    "U": {
        "Len": 6,
        "Cx": -50,
        "Cy": -74,
        "Cloth": {
            "IMG": [
                "cloth18810_walk_1_0.png",
                "cloth18810_walk_1_1.png",
                "cloth18810_walk_1_2.png",
                "cloth18810_walk_1_3.png",
                "cloth18810_walk_1_4.png",
                "cloth18810_walk_1_5.png"
            ],
            "CX": [30, 29, 30, 30, 29, 30],
            "CY": [38, 41, 39, 38, 41, 39]
        }
    },

    "L": {
        "Len": 6,
        "Cx": -50,
        "Cy": -74,
        "Cloth": {
            "IMG": [
                "cloth18810_walk_2_0.png",
                "cloth18810_walk_2_1.png",
                "cloth18810_walk_2_2.png",
                "cloth18810_walk_2_3.png",
                "cloth18810_walk_2_4.png",
                "cloth18810_walk_2_5.png"
            ],
            "CX": [33, 33, 33, 33, 33, 33],
            "CY": [38, 41, 39, 38, 41, 39]
        }
    },

    "D": {
        "Len": 6,
        "Cx": -50,
        "Cy": -74,
        "Cloth": {
            "IMG": [
                "cloth18810_walk_3_0.png",
                "cloth18810_walk_3_1.png",
                "cloth18810_walk_3_2.png",
                "cloth18810_walk_3_3.png",
                "cloth18810_walk_3_4.png",
                "cloth18810_walk_3_5.png"
            ],
            "CX": [32, 31, 32, 32, 31, 32],
            "CY": [37, 40, 38, 37, 40, 38]
        }
    },

    "INTERVAL": 200
}