{

    "NAME": "Character18603",

    "STAND_R": {
        "Len": 6,
        "Cx": -50,
        "Cy": -74,
        "Cloth": {
            "IMG": [
                "cloth18603_stand_0_0.png",
                "cloth18603_stand_0_1.png",
                "cloth18603_stand_0_2.png",
                "cloth18603_stand_0_3.png",
                "cloth18603_stand_0_4.png",
                "cloth18603_stand_0_5.png"
            ],
            "CX": [-43, -40, -42, -41, -44, -49],
            "CY": [0, 0, 0, 0, 1, 1]
        }
    },

    "STAND_U": {
        "Len": 6,
        "Cx": -50,
        "Cy": -74,
        "Cloth": {
            "IMG": [
                "cloth18603_stand_0_0.png",
                "cloth18603_stand_0_1.png",
                "cloth18603_stand_0_2.png",
                "cloth18603_stand_0_3.png",
                "cloth18603_stand_0_4.png",
                "cloth18603_stand_0_5.png"
            ],
            "CX": [-43, -40, -42, -41, -44, -49],
            "CY": [0, 0, 0, 0, 1, 1]
        }
    },

    "STAND_L": {
        "Len": 6,
        "Cx": -50,
        "Cy": -74,
        "Cloth": {
            "IMG": [
                "cloth18603_stand_0_0.png",
                "cloth18603_stand_0_1.png",
                "cloth18603_stand_0_2.png",
                "cloth18603_stand_0_3.png",
                "cloth18603_stand_0_4.png",
                "cloth18603_stand_0_5.png"
            ],
            "CX": [-43, -40, -42, -41, -44, -49],
            "CY": [0, 0, 0, 0, 1, 1]
        }
    },

    "STAND_D": {
        "Len": 6,
        "Cx": -50,
        "Cy": -74,
        "Cloth": {
            "IMG": [
                "cloth18603_stand_0_0.png",
                "cloth18603_stand_0_1.png",
                "cloth18603_stand_0_2.png",
                "cloth18603_stand_0_3.png",
                "cloth18603_stand_0_4.png",
                "cloth18603_stand_0_5.png"
            ],
            "CX": [-43, -40, -42, -41, -44, -49],
            "CY": [0, 0, 0, 0, 1, 1]
        }
    },

    "R": {
        "Len": 6,
        "Cx": -50,
        "Cy": -74,
        "Cloth": {
            "IMG": [
                "cloth18603_walk_0_0.png",
                "cloth18603_walk_0_1.png",
                "cloth18603_walk_0_2.png",
                "cloth18603_walk_0_3.png",
                "cloth18603_walk_0_4.png",
                "cloth18603_walk_0_5.png"
            ],
            "CX": [-7, -12, -20, -12, -7, -2],
            "CY": [0, 0, 0, 0, 0, 0]
        }
    },

    "U": {
        "Len": 6,
        "Cx": -50,
        "Cy": -74,
        "Cloth": {
            "IMG": [
                "cloth18603_walk_1_0.png",
                "cloth18603_walk_1_1.png",
                "cloth18603_walk_1_2.png",
                "cloth18603_walk_1_3.png",
                "cloth18603_walk_1_4.png",
                "cloth18603_walk_1_5.png"
            ],
            "CX": [-42, -39, -41, -40, -43, -48],
            "CY": [1, 1, 1, 1, 2, 2]
        }
    },

    "L": {
        "Len": 6,
        "Cx": -50,
        "Cy": -74,
        "Cloth": {
            "IMG": [
                "cloth18603_walk_2_0.png",
                "cloth18603_walk_2_1.png",
                "cloth18603_walk_2_2.png",
                "cloth18603_walk_2_3.png",
                "cloth18603_walk_2_4.png",
                "cloth18603_walk_2_5.png"
            ],
            "CX": [-9, -14, -22, -14, -9, -5],
            "CY": [0, 0, 0, 0, 0, 0]
        }
    },

    "D": {
        "Len": 6,
        "Cx": -50,
        "Cy": -74,
        "Cloth": {
            "IMG": [
                "cloth18603_walk_3_0.png",
                "cloth18603_walk_3_1.png",
                "cloth18603_walk_3_2.png",
                "cloth18603_walk_3_3.png",
                "cloth18603_walk_3_4.png",
                "cloth18603_walk_3_5.png"
            ],
            "CX": [-42, -39, -41, -40, -43, -48],
            "CY": [1, 1, 1, 1, 2, 2]
        }
    },

    "INTERVAL": 200
}