{

    "NAME": "Character17401",

    "STAND_R": {
        "Len": 6,
        "Cx": -50,
        "Cy": -74,
        "Cloth": {
            "IMG": [
                "cloth17401_stand_0_0.png",
                "cloth17401_stand_0_1.png",
                "cloth17401_stand_0_2.png",
                "cloth17401_stand_0_3.png",
                "cloth17401_stand_0_4.png",
                "cloth17401_stand_0_5.png"
            ],
            "CX": [15, 16, 17, 16, 15, 14],
            "CY": [5, 4, 3, 2, 3, 4]
        }
    },

    "STAND_U": {
        "Len": 6,
        "Cx": -50,
        "Cy": -74,
        "Cloth": {
            "IMG": [
                "cloth17401_stand_0_0.png",
                "cloth17401_stand_0_1.png",
                "cloth17401_stand_0_2.png",
                "cloth17401_stand_0_3.png",
                "cloth17401_stand_0_4.png",
                "cloth17401_stand_0_5.png"
            ],
            "CX": [15, 16, 17, 16, 15, 14],
            "CY": [5, 4, 3, 2, 3, 4]
        }
    },

    "STAND_L": {
        "Len": 6,
        "Cx": -50,
        "Cy": -74,
        "Cloth": {
            "IMG": [
                "cloth17401_stand_0_0.png",
                "cloth17401_stand_0_1.png",
                "cloth17401_stand_0_2.png",
                "cloth17401_stand_0_3.png",
                "cloth17401_stand_0_4.png",
                "cloth17401_stand_0_5.png"
            ],
            "CX": [15, 16, 17, 16, 15, 14],
            "CY": [5, 4, 3, 2, 3, 4]
        }
    },

    "STAND_D": {
        "Len": 6,
        "Cx": -50,
        "Cy": -74,
        "Cloth": {
            "IMG": [
                "cloth17401_stand_0_0.png",
                "cloth17401_stand_0_1.png",
                "cloth17401_stand_0_2.png",
                "cloth17401_stand_0_3.png",
                "cloth17401_stand_0_4.png",
                "cloth17401_stand_0_5.png"
            ],
            "CX": [15, 16, 17, 16, 15, 14],
            "CY": [5, 4, 3, 2, 3, 4]
        }
    },

    "R": {
        "Len": 6,
        "Cx": -50,
        "Cy": -74,
        "Cloth": {
            "IMG": [
                "cloth17401_walk_0_0.png",
                "cloth17401_walk_0_1.png",
                "cloth17401_walk_0_2.png",
                "cloth17401_walk_0_3.png",
                "cloth17401_walk_0_4.png",
                "cloth17401_walk_0_5.png"
            ],
            "CX": [22, 22, 22, 22, 22, 22],
            "CY": [3, 3, 2, 3, 3, 4]
        }
    },

    "U": {
        "Len": 6,
        "Cx": -50,
        "Cy": -74,
        "Cloth": {
            "IMG": [
                "cloth17401_walk_1_0.png",
                "cloth17401_walk_1_1.png",
                "cloth17401_walk_1_2.png",
                "cloth17401_walk_1_3.png",
                "cloth17401_walk_1_4.png",
                "cloth17401_walk_1_5.png"
            ],
            "CX": [16, 16, 15, 16, 16, 16],
            "CY": [6, 5, 2, 2, 3, 4]
        }
    },

    "L": {
        "Len": 6,
        "Cx": -50,
        "Cy": -74,
        "Cloth": {
            "IMG": [
                "cloth17401_walk_2_0.png",
                "cloth17401_walk_2_1.png",
                "cloth17401_walk_2_2.png",
                "cloth17401_walk_2_3.png",
                "cloth17401_walk_2_4.png",
                "cloth17401_walk_2_5.png"
            ],
            "CX": [17, 18, 19, 18, 17, 16],
            "CY": [3, 3, 2, 3, 3, 4]
        }
    },

    "D": {
        "Len": 6,
        "Cx": -50,
        "Cy": -74,
        "Cloth": {
            "IMG": [
                "cloth17401_walk_3_0.png",
                "cloth17401_walk_3_1.png",
                "cloth17401_walk_3_2.png",
                "cloth17401_walk_3_3.png",
                "cloth17401_walk_3_4.png",
                "cloth17401_walk_3_5.png"
            ],
            "CX": [15, 16, 17, 16, 15, 14],
            "CY": [5, 4, 3, 2, 3, 4]
        }
    },

    "INTERVAL": 200
}