{

    "NAME": "Pet14",

    "STAND_R": {
        "Len": 6,
        "Cx": -44,
        "Cy": -74,
        "Cloth": {
            "IMG": [
                "Pet14_stand_0_0.png",
                "Pet14_stand_0_1.png",
                "Pet14_stand_0_2.png",
                "Pet14_stand_0_3.png"
            ],
            "CX": [
                25,
                25,
                25,
                25
            ],
            "CY": [
                41,
                41,
                40,
                41
            ]
        }
    },

    "STAND_U": {
        "Len": 6,
        "Cx": -48,
        "Cy": -86,
        "Cloth": {
            "IMG": [
                "Pet14_stand_1_0.png",
                "Pet14_stand_1_1.png",
                "Pet14_stand_1_2.png",
                "Pet14_stand_1_3.png"
            ],
            "CX": [
                31,
                31,
                31,
                31
            ],
            "CY": [
                50,
                50,
                50,
                50
            ]
        }
    },

    "STAND_L": {
        "Len": 6,
        "Cx": -56,
        "Cy": -76,
        "Cloth": {
            "IMG": [
                "Pet14_stand_2_0.png",
                "Pet14_stand_2_1.png",
                "Pet14_stand_2_2.png",
                "Pet14_stand_2_3.png"
            ],
            "CX": [
                39,
                39,
                39,
                39
            ],
            "CY": [
                41,
                41,
                40,
                41
            ]
        }
    },

    "STAND_D": {
        "Len": 6,
        "Cx": -50,
        "Cy": -60,
        "Cloth": {
            "IMG": [
                "Pet14_stand_3_0.png",
                "Pet14_stand_3_1.png",
                "Pet14_stand_3_2.png",
                "Pet14_stand_3_3.png"
            ],
            "CX": [
                33,
                33,
                33,
                33
            ],
            "CY": [
                25,
                26,
                25,
                26
            ]
        }
    },

    "R": {
        "Len": 6,
        "Cx": -50,
        "Cy": -60,
        "Cloth": {
            "IMG": [
                "Pet14_walk_0_0.png",
                "Pet14_walk_0_1.png",
                "Pet14_walk_0_2.png",
                "Pet14_walk_0_3.png",
                "Pet14_walk_0_4.png",
                "Pet14_walk_0_5.png"
            ],
            "CX": [
                32,
                32,
                32,
                32,
                33,
                33
            ],
            "CY": [
                25,
                25,
                25,
                25,
                25,
                25
            ]
        }
    },

    "U": {
        "Len": 6,
        "Cx": -50,
        "Cy": -60,
        "Cloth": {
            "IMG": [
                "Pet14_walk_1_0.png",
                "Pet14_walk_1_1.png",
                "Pet14_walk_1_2.png",
                "Pet14_walk_1_3.png",
                "Pet14_walk_1_4.png",
                "Pet14_walk_1_5.png"
            ],
            "CX": [
                33,
                33,
                33,
                33,
                33,
                33
            ],
            "CY": [
                25,
                25,
                25,
                25,
                25,
                25
            ]
        }
    },

    "L": {
        "Len": 6,
        "Cx": -50,
        "Cy": -60,
        "Cloth": {
            "IMG": [
                "Pet14_walk_2_0.png",
                "Pet14_walk_2_1.png",
                "Pet14_walk_2_2.png",
                "Pet14_walk_2_3.png",
                "Pet14_walk_2_4.png",
                "Pet14_walk_2_5.png"
            ],
            "CX": [
                33,
                34,
                35,
                33,
                34,
                34
            ],
            "CY": [
                25,
                25,
                25,
                25,
                25,
                25
            ]
        }
    },

    "D": {
        "Len": 6,
        "Cx": -50,
        "Cy": -60,
        "Cloth": {
            "IMG": [
                "Pet14_walk_3_0.png",
                "Pet14_walk_3_1.png",
                "Pet14_walk_3_2.png",
                "Pet14_walk_3_3.png",
                "Pet14_walk_3_4.png",
                "Pet14_walk_3_5.png"
            ],
            "CX": [
                33,
                33,
                33,
                33,
                32,
                33
            ],
            "CY": [
                25,
                25,
                25,
                25,
                25,
                25
            ]
        }
    },

    "INTERVAL": 200
}