{

    "NAME": "Pet111",

    "STAND_R": {
        "Len": 6,
        "Cx": -50,
        "Cy": -74,
        "Cloth": {
            "IMG": [
                "Pet111_stand_0_0.png",
                "Pet111_stand_0_1.png",
                "Pet111_stand_0_2.png",
                "Pet111_stand_0_3.png",
                "Pet111_stand_0_4.png",
                "Pet111_stand_0_5.png"
            ],
            "CX": [
                15,
                17,
                15,
                17,
                19,
                18
            ],
            "CY": [
                36,
                36,
                37,
                36,
                36,
                37
            ]
        }
    },

    "STAND_U": {
        "Len": 6,
        "Cx": -50,
        "Cy": -74,
        "Cloth": {
            "IMG": [
                "Pet111_stand_1_0.png",
                "Pet111_stand_1_1.png",
                "Pet111_stand_1_2.png",
                "Pet111_stand_1_3.png",
                "Pet111_stand_1_4.png",
                "Pet111_stand_1_5.png"
            ],
            "CX": [
                25,
                21,
                20,
                20,
                18,
                23
            ],
            "CY": [
                36,
                35,
                34,
                35,
                36,
                35
            ]
        }
    },

    "STAND_L": {
        "Len": 6,
        "Cx": -50,
        "Cy": -74,
        "Cloth": {
            "IMG": [
                "Pet111_stand_2_0.png",
                "Pet111_stand_2_1.png",
                "Pet111_stand_2_2.png",
                "Pet111_stand_2_3.png",
                "Pet111_stand_2_4.png",
                "Pet111_stand_2_5.png"
            ],
            "CX": [
                32,
                32,
                32,
                32,
                32,
                32
            ],
            "CY": [
                36,
                36,
                37,
                36,
                36,
                37
            ]
        }
    },

    "STAND_D": {
        "Len": 6,
        "Cx": -50,
        "Cy": -74,
        "Cloth": {
            "IMG": [
                "Pet111_stand_3_0.png",
                "Pet111_stand_3_1.png",
                "Pet111_stand_3_2.png",
                "Pet111_stand_3_3.png",
                "Pet111_stand_3_4.png",
                "Pet111_stand_3_5.png"
            ],
            "CX": [
                25,
                21,
                20,
                20,
                18,
                23
            ],
            "CY": [
                36,
                35,
                34,
                35,
                36,
                35
            ]
        }
    },

    "R": {
        "Len": 6,
        "Cx": -50,
        "Cy": -74,
        "Cloth": {
            "IMG": [
                "Pet111_walk_0_0.png",
                "Pet111_walk_0_1.png",
                "Pet111_walk_0_2.png",
                "Pet111_walk_0_3.png",
                "Pet111_walk_0_4.png",
                "Pet111_walk_0_5.png"
            ],
            "CX": [
                15,
                17,
                15,
                17,
                19,
                18
            ],
            "CY": [
                36,
                36,
                37,
                36,
                36,
                37
            ]
        }
    },

    "U": {
        "Len": 6,
        "Cx": -50,
        "Cy": -74,
        "Cloth": {
            "IMG": [
                "Pet111_walk_1_0.png",
                "Pet111_walk_1_1.png",
                "Pet111_walk_1_2.png",
                "Pet111_walk_1_3.png",
                "Pet111_walk_1_4.png",
                "Pet111_walk_1_5.png"
            ],
            "CX": [
                25,
                21,
                20,
                20,
                18,
                23
            ],
            "CY": [
                36,
                35,
                34,
                35,
                36,
                35
            ]
        }
    },

    "L": {
        "Len": 6,
        "Cx": -50,
        "Cy": -74,
        "Cloth": {
            "IMG": [
                "Pet111_walk_2_0.png",
                "Pet111_walk_2_1.png",
                "Pet111_walk_2_2.png",
                "Pet111_walk_2_3.png",
                "Pet111_walk_2_4.png",
                "Pet111_walk_2_5.png"
            ],
            "CX": [
                32,
                32,
                32,
                32,
                32,
                32
            ],
            "CY": [
                36,
                36,
                37,
                36,
                36,
                37
            ]
        }
    },

    "D": {
        "Len": 6,
        "Cx": -50,
        "Cy": -74,
        "Cloth": {
            "IMG": [
                "Pet111_walk_3_0.png",
                "Pet111_walk_3_1.png",
                "Pet111_walk_3_2.png",
                "Pet111_walk_3_3.png",
                "Pet111_walk_3_4.png",
                "Pet111_walk_3_5.png"
            ],
            "CX": [
                25,
                21,
                20,
                20,
                18,
                23
            ],
            "CY": [
                36,
                35,
                34,
                35,
                36,
                35
            ]
        }
    },

    "INTERVAL": 200
}