{

    "NAME": "Pet104",

    "STAND_R": {
        "Len": 6,
        "Cx": -50,
        "Cy": -74,
        "Cloth": {
            "IMG": [
                "Pet104_stand_0_0.png",
                "Pet104_stand_0_1.png",
                "Pet104_stand_0_2.png",
                "Pet104_stand_0_3.png",
                "Pet104_stand_0_4.png",
                "Pet104_stand_0_5.png"
            ],
            "CX": [
                14,
                13,
                13,
                12,
                14,
                14
            ],
            "CY": [
                8,
                8,
                5,
                8,
                7,
                9
            ]
        }
    },

    "STAND_U": {
        "Len": 6,
        "Cx": -50,
        "Cy": -74,
        "Cloth": {
            "IMG": [
                "Pet104_stand_1_0.png",
                "Pet104_stand_1_1.png",
                "Pet104_stand_1_2.png",
                "Pet104_stand_1_3.png",
                "Pet104_stand_1_4.png",
                "Pet104_stand_1_5.png"
            ],
            "CX": [
                13,
                13,
                12,
                12,
                11,
                13
            ],
            "CY": [
                10,
                10,
                7,
                10,
                9,
                11
            ]
        }
    },

    "STAND_L": {
        "Len": 6,
        "Cx": -50,
        "Cy": -74,
        "Cloth": {
            "IMG": [
                "Pet104_stand_2_0.png",
                "Pet104_stand_2_1.png",
                "Pet104_stand_2_2.png",
                "Pet104_stand_2_3.png",
                "Pet104_stand_2_4.png",
                "Pet104_stand_2_5.png"
            ],
            "CX": [
                8,
                8,
                7,
                7,
                6,
                8
            ],
            "CY": [
                8,
                8,
                5,
                8,
                7,
                9
            ]
        }
    },

    "STAND_D": {
        "Len": 6,
        "Cx": -50,
        "Cy": -74,
        "Cloth": {
            "IMG": [
                "Pet104_stand_3_0.png",
                "Pet104_stand_3_1.png",
                "Pet104_stand_3_2.png",
                "Pet104_stand_3_3.png",
                "Pet104_stand_3_4.png",
                "Pet104_stand_3_5.png"
            ],
            "CX": [
                8,
                8,
                7,
                7,
                6,
                8
            ],
            "CY": [
                10,
                11,
                8,
                10,
                9,
                9
            ]
        }
    },

    "R": {
        "Len": 6,
        "Cx": -50,
        "Cy": -74,
        "Cloth": {
            "IMG": [
                "Pet104_walk_0_0.png",
                "Pet104_walk_0_1.png",
                "Pet104_walk_0_2.png",
                "Pet104_walk_0_3.png",
                "Pet104_walk_0_4.png",
                "Pet104_walk_0_5.png"
            ],
            "CX": [
                14,
                13,
                13,
                12,
                14,
                14
            ],
            "CY": [
                8,
                8,
                5,
                8,
                7,
                9
            ]
        }
    },

    "U": {
        "Len": 6,
        "Cx": -50,
        "Cy": -74,
        "Cloth": {
            "IMG": [
                "Pet104_walk_1_0.png",
                "Pet104_walk_1_1.png",
                "Pet104_walk_1_2.png",
                "Pet104_walk_1_3.png",
                "Pet104_walk_1_4.png",
                "Pet104_walk_1_5.png"
            ],
            "CX": [
                13,
                13,
                12,
                12,
                11,
                13
            ],
            "CY": [
                10,
                10,
                7,
                10,
                9,
                11
            ]
        }
    },

    "L": {
        "Len": 6,
        "Cx": -50,
        "Cy": -74,
        "Cloth": {
            "IMG": [
                "Pet104_walk_2_0.png",
                "Pet104_walk_2_1.png",
                "Pet104_walk_2_2.png",
                "Pet104_walk_2_3.png",
                "Pet104_walk_2_4.png",
                "Pet104_walk_2_5.png"
            ],
            "CX": [
                8,
                8,
                7,
                7,
                6,
                8
            ],
            "CY": [
                8,
                8,
                5,
                8,
                7,
                9
            ]
        }
    },

    "D": {
        "Len": 6,
        "Cx": -50,
        "Cy": -74,
        "Cloth": {
            "IMG": [
                "Pet104_walk_3_0.png",
                "Pet104_walk_3_1.png",
                "Pet104_walk_3_2.png",
                "Pet104_walk_3_3.png",
                "Pet104_walk_3_4.png",
                "Pet104_walk_3_5.png"
            ],
            "CX": [
                8,
                8,
                7,
                7,
                6,
                8
            ],
            "CY": [
                10,
                10,
                8,
                10,
                10,
                11
            ]
        }
    },

    "INTERVAL": 200
}