{

    "NAME": "Pet112",

    "STAND_R": {
        "Len": 6,
        "Cx": -50,
        "Cy": -74,
        "Cloth": {
            "IMG": [
                "Pet112_stand_0_0.png",
                "Pet112_stand_0_1.png",
                "Pet112_stand_0_2.png",
                "Pet112_stand_0_3.png",
                "Pet112_stand_0_4.png",
                "Pet112_stand_0_5.png"
            ],
            "CX": [
                1,
                4,
                1,
                3,
                6,
                5
            ],
            "CY": [
                5,
                6,
                7,
                5,
                5,
                7
            ]
        }
    },

    "STAND_U": {
        "Len": 6,
        "Cx": -50,
        "Cy": -74,
        "Cloth": {
            "IMG": [
                "Pet112_stand_1_0.png",
                "Pet112_stand_1_1.png",
                "Pet112_stand_1_2.png",
                "Pet112_stand_1_3.png",
                "Pet112_stand_1_4.png",
                "Pet112_stand_1_5.png"
            ],
            "CX": [
                14,
                9,
                7,
                8,
                5,
                12
            ],
            "CY": [
                7,
                5,
                4,
                5,
                7,
                5
            ]
        }
    },

    "STAND_L": {
        "Len": 6,
        "Cx": -50,
        "Cy": -74,
        "Cloth": {
            "IMG": [
                "Pet112_stand_2_0.png",
                "Pet112_stand_2_1.png",
                "Pet112_stand_2_2.png",
                "Pet112_stand_2_3.png",
                "Pet112_stand_2_4.png",
                "Pet112_stand_2_5.png"
            ],
            "CX": [
                7,
                7,
                7,
                7,
                7,
                7
            ],
            "CY": [
                5,
                6,
                7,
                5,
                5,
                7
            ]
        }
    },

    "STAND_D": {
        "Len": 6,
        "Cx": -50,
        "Cy": -74,
        "Cloth": {
            "IMG": [
                "Pet112_stand_3_0.png",
                "Pet112_stand_3_1.png",
                "Pet112_stand_3_2.png",
                "Pet112_stand_3_3.png",
                "Pet112_stand_3_4.png",
                "Pet112_stand_3_5.png"
            ],
            "CX": [
                14,
                9,
                7,
                8,
                5,
                12
            ],
            "CY": [
                8,
                6,
                5,
                6,
                8,
                6
            ]
        }
    },

    "R": {
        "Len": 6,
        "Cx": -50,
        "Cy": -74,
        "Cloth": {
            "IMG": [
                "Pet112_walk_0_0.png",
                "Pet112_walk_0_1.png",
                "Pet112_walk_0_2.png",
                "Pet112_walk_0_3.png",
                "Pet112_walk_0_4.png",
                "Pet112_walk_0_5.png"
            ],
            "CX": [
                1,
                4,
                1,
                3,
                6,
                5
            ],
            "CY": [
                5,
                6,
                7,
                5,
                5,
                7
            ]
        }
    },

    "U": {
        "Len": 6,
        "Cx": -50,
        "Cy": -74,
        "Cloth": {
            "IMG": [
                "Pet112_walk_1_0.png",
                "Pet112_walk_1_1.png",
                "Pet112_walk_1_2.png",
                "Pet112_walk_1_3.png",
                "Pet112_walk_1_4.png",
                "Pet112_walk_1_5.png"
            ],
            "CX": [
                14,
                9,
                7,
                8,
                5,
                12
            ],
            "CY": [
                7,
                5,
                4,
                5,
                7,
                5
            ]
        }
    },

    "L": {
        "Len": 6,
        "Cx": -50,
        "Cy": -74,
        "Cloth": {
            "IMG": [
                "Pet112_walk_2_0.png",
                "Pet112_walk_2_1.png",
                "Pet112_walk_2_2.png",
                "Pet112_walk_2_3.png",
                "Pet112_walk_2_4.png",
                "Pet112_walk_2_5.png"
            ],
            "CX": [
                7,
                7,
                7,
                7,
                7,
                7
            ],
            "CY": [
                5,
                6,
                7,
                5,
                5,
                7
            ]
        }
    },

    "D": {
        "Len": 6,
        "Cx": -50,
        "Cy": -74,
        "Cloth": {
            "IMG": [
                "Pet112_walk_3_0.png",
                "Pet112_walk_3_1.png",
                "Pet112_walk_3_2.png",
                "Pet112_walk_3_3.png",
                "Pet112_walk_3_4.png",
                "Pet112_walk_3_5.png"
            ],
            "CX": [
                14,
                9,
                7,
                8,
                5,
                12
            ],
            "CY": [
                8,
                6,
                5,
                6,
                8,
                6
            ]
        }
    },

    "INTERVAL": 200
}