{

    "NAME": "Pet106",

    "STAND_R": {
        "Len": 6,
        "Cx": -50,
        "Cy": -74,
        "Cloth": {
            "IMG": [
                "Pet106_stand_0_0.png",
                "Pet106_stand_0_1.png",
                "Pet106_stand_0_2.png",
                "Pet106_stand_0_3.png",
                "Pet106_stand_0_4.png",
                "Pet106_stand_0_5.png"
            ],
            "CX": [
                31,
                31,
                31,
                31,
                31,
                31
            ],
            "CY": [
                18,
                18,
                18,
                18,
                18,
                18
            ]
        }
    },

    "STAND_U": {
        "Len": 6,
        "Cx": -50,
        "Cy": -74,
        "Cloth": {
            "IMG": [
                "Pet106_stand_1_0.png",
                "Pet106_stand_1_1.png",
                "Pet106_stand_1_2.png",
                "Pet106_stand_1_3.png",
                "Pet106_stand_1_4.png",
                "Pet106_stand_1_5.png"
            ],
            "CX": [
                11,
                11,
                11,
                11,
                11,
                11
            ],
            "CY": [
                18,
                18,
                18,
                18,
                18,
                16
            ]
        }
    },

    "STAND_L": {
        "Len": 6,
        "Cx": -50,
        "Cy": -74,
        "Cloth": {
            "IMG": [
                "Pet106_stand_2_0.png",
                "Pet106_stand_2_1.png",
                "Pet106_stand_2_2.png",
                "Pet106_stand_2_3.png",
                "Pet106_stand_2_4.png",
                "Pet106_stand_2_5.png"
            ],
            "CX": [
                26,
                26,
                26,
                25,
                26,
                26
            ],
            "CY": [
                18,
                18,
                18,
                18,
                18,
                18
            ]
        }
    },

    "STAND_D": {
        "Len": 6,
        "Cx": -50,
        "Cy": -74,
        "Cloth": {
            "IMG": [
                "Pet106_stand_3_0.png",
                "Pet106_stand_3_1.png",
                "Pet106_stand_3_2.png",
                "Pet106_stand_3_3.png",
                "Pet106_stand_3_4.png",
                "Pet106_stand_3_5.png"
            ],
            "CX": [
                11,
                11,
                11,
                11,
                11,
                11
            ],
            "CY": [
                18,
                18,
                18,
                18,
                18,
                16
            ]
        }
    },

    "R": {
        "Len": 6,
        "Cx": -50,
        "Cy": -74,
        "Cloth": {
            "IMG": [
                "Pet106_walk_0_0.png",
                "Pet106_walk_0_1.png",
                "Pet106_walk_0_2.png",
                "Pet106_walk_0_3.png",
                "Pet106_walk_0_4.png",
                "Pet106_walk_0_5.png"
            ],
            "CX": [
                31,
                31,
                31,
                31,
                31,
                31
            ],
            "CY": [
                18,
                16,
                16,
                18,
                16,
                16
            ]
        }
    },

    "U": {
        "Len": 6,
        "Cx": -50,
        "Cy": -74,
        "Cloth": {
            "IMG": [
                "Pet106_walk_1_0.png",
                "Pet106_walk_1_1.png",
                "Pet106_walk_1_2.png",
                "Pet106_walk_1_3.png",
                "Pet106_walk_1_4.png",
                "Pet106_walk_1_5.png"
            ],
            "CX": [
                11,
                11,
                11,
                11,
                12,
                12
            ],
            "CY": [
                18,
                16,
                15,
                18,
                16,
                15
            ]
        }
    },

    "L": {
        "Len": 6,
        "Cx": -50,
        "Cy": -74,
        "Cloth": {
            "IMG": [
                "Pet106_walk_2_0.png",
                "Pet106_walk_2_1.png",
                "Pet106_walk_2_2.png",
                "Pet106_walk_2_3.png",
                "Pet106_walk_2_4.png",
                "Pet106_walk_2_5.png"
            ],
            "CX": [
                26,
                26,
                26,
                25,
                26,
                27
            ],
            "CY": [
                18,
                16,
                16,
                18,
                16,
                16
            ]
        }
    },

    "D": {
        "Len": 6,
        "Cx": -50,
        "Cy": -74,
        "Cloth": {
            "IMG": [
                "Pet106_walk_3_0.png",
                "Pet106_walk_3_1.png",
                "Pet106_walk_3_2.png",
                "Pet106_walk_3_3.png",
                "Pet106_walk_3_4.png",
                "Pet106_walk_3_5.png"
            ],
            "CX": [
                11,
                11,
                11,
                11,
                12,
                12
            ],
            "CY": [
                18,
                16,
                15,
                18,
                16,
                15
            ]
        }
    },

    "INTERVAL": 200
}