{

    "NAME": "Pet103",

    "STAND_R": {
        "Len": 6,
        "Cx": -50,
        "Cy": -74,
        "Cloth": {
            "IMG": [
                "pet103_stand_0_0.png",
                "pet103_stand_0_1.png",
                "pet103_stand_0_2.png",
                "pet103_stand_0_3.png",
                "pet103_stand_0_4.png",
                "pet103_stand_0_5.png"
            ],
            "CX": [
                36,
                33,
                34,
                30,
                34,
                31
            ],
            "CY": [
                31,
                31,
                28,
                31,
                30,
                32
            ]
        }
    },

    "STAND_U": {
        "Len": 6,
        "Cx": -50,
        "Cy": -74,
        "Cloth": {
            "IMG": [
                "pet103_stand_1_0.png",
                "pet103_stand_1_1.png",
                "pet103_stand_1_2.png",
                "pet103_stand_1_3.png",
                "pet103_stand_1_4.png",
                "pet103_stand_1_5.png"
            ],
            "CX": [
                21,
                23,
                23,
                21,
                23,
                23
            ],
            "CY": [
                31,
                31,
                28,
                31,
                30,
                32
            ]
        }
    },

    "STAND_L": {
        "Len": 6,
        "Cx": -50,
        "Cy": -74,
        "Cloth": {
            "IMG": [
                "pet103_stand_2_0.png",
                "pet103_stand_2_1.png",
                "pet103_stand_2_2.png",
                "pet103_stand_2_3.png",
                "pet103_stand_2_4.png",
                "pet103_stand_2_5.png"
            ],
            "CX": [
                34,
                34,
                34,
                33,
                33,
                32
            ],
            "CY": [
                31,
                31,
                28,
                31,
                30,
                32
            ]
        }
    },

    "STAND_D": {
        "Len": 6,
        "Cx": -50,
        "Cy": -74,
        "Cloth": {
            "IMG": [
                "pet103_stand_3_0.png",
                "pet103_stand_3_1.png",
                "pet103_stand_3_2.png",
                "pet103_stand_3_3.png",
                "pet103_stand_3_4.png",
                "pet103_stand_3_5.png"
            ],
            "CX": [
                23,
                23,
                23,
                23,
                23,
                23
            ],
            "CY": [
                31,
                31,
                28,
                31,
                30,
                32
            ]
        }
    },

    "R": {
        "Len": 6,
        "Cx": -50,
        "Cy": -74,
        "Cloth": {
            "IMG": [
                "Pet103_walk_0_0.png",
                "Pet103_walk_0_1.png",
                "Pet103_walk_0_2.png",
                "Pet103_walk_0_3.png",
                "Pet103_walk_0_4.png",
                "Pet103_walk_0_5.png"
            ],
            "CX": [
                36,
                33,
                34,
                30,
                34,
                31
            ],
            "CY": [
                31,
                31,
                28,
                31,
                30,
                32
            ]
        }
    },

    "U": {
        "Len": 6,
        "Cx": -50,
        "Cy": -74,
        "Cloth": {
            "IMG": [
                "Pet103_walk_1_0.png",
                "Pet103_walk_1_1.png",
                "Pet103_walk_1_2.png",
                "Pet103_walk_1_3.png",
                "Pet103_walk_1_4.png",
                "Pet103_walk_1_5.png"
            ],
            "CX": [
                21,
                21,
                22,
                21,
                22,
                22
            ],
            "CY": [
                31,
                31,
                28,
                31,
                30,
                32
            ]
        }
    },

    "L": {
        "Len": 6,
        "Cx": -50,
        "Cy": -74,
        "Cloth": {
            "IMG": [
                "Pet103_walk_2_0.png",
                "Pet103_walk_2_1.png",
                "Pet103_walk_2_2.png",
                "Pet103_walk_2_3.png",
                "Pet103_walk_2_4.png",
                "Pet103_walk_2_5.png"
            ],
            "CX": [
                34,
                34,
                34,
                33,
                33,
                32
            ],
            "CY": [
                31,
                31,
                28,
                31,
                30,
                32
            ]
        }
    },

    "D": {
        "Len": 6,
        "Cx": -50,
        "Cy": -74,
        "Cloth": {
            "IMG": [
                "Pet103_walk_3_0.png",
                "Pet103_walk_3_1.png",
                "Pet103_walk_3_2.png",
                "Pet103_walk_3_3.png",
                "Pet103_walk_3_4.png",
                "Pet103_walk_3_5.png"
            ],
            "CX": [
                23,
                24,
                24,
                23,
                25,
                25
            ],
            "CY": [
                31,
                31,
                28,
                31,
                30,
                32
            ]
        }
    },

    "INTERVAL": 200
}