{

    "NAME": "Pet26",

    "STAND_R": {
        "Len": 6,
        "Cx": -50,
        "Cy": -74,
        "Cloth": {
            "IMG": [
                "Pet26_stand_0_0.png",
                "Pet26_stand_0_1.png",
                "Pet26_stand_0_2.png",
                "Pet26_stand_0_3.png",
                "Pet26_stand_0_4.png",
                "Pet26_stand_0_5.png"
            ],
            "CX": [
                20,
                20,
                20,
                20,
                20,
                20
            ],
            "CY": [
                8,
                8,
                8,
                8,
                8,
                8
            ]
        }
    },

    "STAND_U": {
        "Len": 6,
        "Cx": -50,
        "Cy": -74,
        "Cloth": {
            "IMG": [
                "Pet26_stand_1_0.png",
                "Pet26_stand_1_1.png",
                "Pet26_stand_1_2.png",
                "Pet26_stand_1_3.png",
                "Pet26_stand_1_4.png",
                "Pet26_stand_1_5.png"
            ],
            "CX": [
                30,
                30,
                30,
                30,
                30,
                30
            ],
            "CY": [
                9,
                9,
                9,
                9,
                9,
                9
            ]
        }
    },

    "STAND_L": {
        "Len": 6,
        "Cx": -50,
        "Cy": -74,
        "Cloth": {
            "IMG": [
                "Pet26_stand_2_0.png",
                "Pet26_stand_2_1.png",
                "Pet26_stand_2_2.png",
                "Pet26_stand_2_3.png",
                "Pet26_stand_2_4.png",
                "Pet26_stand_2_5.png"
            ],
            "CX": [
                10,
                10,
                10,
                10,
                10,
                10
            ],
            "CY": [
                8,
                8,
                8,
                8,
                8,
                8
            ]
        }
    },

    "STAND_D": {
        "Len": 6,
        "Cx": -50,
        "Cy": -74,
        "Cloth": {
            "IMG": [
                "Pet26_stand_3_0.png",
                "Pet26_stand_3_1.png",
                "Pet26_stand_3_2.png",
                "Pet26_stand_3_3.png",
                "Pet26_stand_3_4.png",
                "Pet26_stand_3_5.png"
            ],
            "CX": [
                30,
                30,
                30,
                30,
                30,
                30
            ],
            "CY": [
                9,
                9,
                9,
                9,
                9,
                9
            ]
        }
    },

    "R": {
        "Len": 6,
        "Cx": -50,
        "Cy": -74,
        "Cloth": {
            "IMG": [
                "Pet26_walk_0_0.png",
                "Pet26_walk_0_1.png",
                "Pet26_walk_0_2.png",
                "Pet26_walk_0_3.png",
                "Pet26_walk_0_4.png",
                "Pet26_walk_0_5.png"
            ],
            "CX": [
                20,
                20,
                18,
                20,
                18,
                16
            ],
            "CY": [
                8,
                8,
                9,
                8,
                8,
                9
            ]
        }
    },

    "U": {
        "Len": 6,
        "Cx": -50,
        "Cy": -74,
        "Cloth": {
            "IMG": [
                "Pet26_walk_1_0.png",
                "Pet26_walk_1_1.png",
                "Pet26_walk_1_2.png",
                "Pet26_walk_1_3.png",
                "Pet26_walk_1_4.png",
                "Pet26_walk_1_5.png"
            ],
            "CX": [
                30,
                28,
                28,
                30,
                28,
                28
            ],
            "CY": [
                9,
                9,
                9,
                9,
                9,
                9
            ]
        }
    },

    "L": {
        "Len": 6,
        "Cx": -50,
        "Cy": -74,
        "Cloth": {
            "IMG": [
                "Pet26_walk_2_0.png",
                "Pet26_walk_2_1.png",
                "Pet26_walk_2_2.png",
                "Pet26_walk_2_3.png",
                "Pet26_walk_2_4.png",
                "Pet26_walk_2_5.png"
            ],
            "CX": [
                10,
                10,
                11,
                10,
                10,
                11
            ],
            "CY": [
                8,
                8,
                9,
                8,
                8,
                9
            ]
        }
    },

    "D": {
        "Len": 6,
        "Cx": -50,
        "Cy": -74,
        "Cloth": {
            "IMG": [
                "Pet26_walk_3_0.png",
                "Pet26_walk_3_1.png",
                "Pet26_walk_3_2.png",
                "Pet26_walk_3_3.png",
                "Pet26_walk_3_4.png",
                "Pet26_walk_3_5.png"
            ],
            "CX": [
                30,
                28,
                28,
                30,
                28,
                28
            ],
            "CY": [
                9,
                9,
                9,
                9,
                9,
                9
            ]
        }
    },

    "INTERVAL": 200
}