{

    "NAME": "Pet58",

    "STAND_R": {
        "Len": 6,
        "Cx": -50,
        "Cy": -74,
        "Cloth": {
            "IMG": [
                "pet58_stand_0_0.png",
                "pet58_stand_0_1.png",
                "pet58_stand_0_2.png",
                "pet58_stand_0_3.png",
                "pet58_stand_0_4.png",
                "pet58_stand_0_5.png"
            ],
            "CX": [
                24,
                28,
                32,
                22,
                22,
                24
            ],
            "CY": [
                23,
                24,
                25,
                23,
                22,
                21
            ]
        }
    },

    "STAND_U": {
        "Len": 6,
        "Cx": -50,
        "Cy": -74,
        "Cloth": {
            "IMG": [
                "pet58_stand_1_0.png",
                "pet58_stand_1_1.png",
                "pet58_stand_1_2.png",
                "pet58_stand_1_3.png",
                "pet58_stand_1_4.png",
                "pet58_stand_1_5.png"
            ],
            "CX": [
                14,
                20,
                26,
                12,
                12,
                14
            ],
            "CY": [
                21,
                22,
                23,
                21,
                20,
                19
            ]
        }
    },

    "STAND_L": {
        "Len": 6,
        "Cx": -50,
        "Cy": -74,
        "Cloth": {
            "IMG": [
                "pet58_stand_2_0.png",
                "pet58_stand_2_1.png",
                "pet58_stand_2_2.png",
                "pet58_stand_2_3.png",
                "pet58_stand_2_4.png",
                "pet58_stand_2_5.png"
            ],
            "CX": [
                35,
                35,
                35,
                35,
                35,
                35
            ],
            "CY": [
                23,
                24,
                25,
                23,
                22,
                21
            ]
        }
    },

    "STAND_D": {
        "Len": 6,
        "Cx": -50,
        "Cy": -74,
        "Cloth": {
            "IMG": [
                "pet58_stand_3_0.png",
                "pet58_stand_3_1.png",
                "pet58_stand_3_2.png",
                "pet58_stand_3_3.png",
                "pet58_stand_3_4.png",
                "pet58_stand_3_5.png"
            ],
            "CX": [
                14,
                20,
                26,
                12,
                12,
                14
            ],
            "CY": [
                21,
                22,
                23,
                21,
                20,
                19
            ]
        }
    },

    "R": {
        "Len": 6,
        "Cx": -50,
        "Cy": -74,
        "Cloth": {
            "IMG": [
                "pet58_walk_0_0.png",
                "pet58_walk_0_1.png",
                "pet58_walk_0_2.png",
                "pet58_walk_0_3.png",
                "pet58_walk_0_4.png",
                "pet58_walk_0_5.png"
            ],
            "CX": [
                24,
                28,
                32,
                22,
                22,
                24
            ],
            "CY": [
                23,
                24,
                25,
                23,
                22,
                21
            ]
        }
    },

    "U": {
        "Len": 6,
        "Cx": -50,
        "Cy": -74,
        "Cloth": {
            "IMG": [
                "pet58_walk_1_0.png",
                "pet58_walk_1_1.png",
                "pet58_walk_1_2.png",
                "pet58_walk_1_3.png",
                "pet58_walk_1_4.png",
                "pet58_walk_1_5.png"
            ],
            "CX": [
                14,
                20,
                26,
                12,
                12,
                14
            ],
            "CY": [
                21,
                22,
                23,
                21,
                20,
                19
            ]
        }
    },

    "L": {
        "Len": 6,
        "Cx": -50,
        "Cy": -74,
        "Cloth": {
            "IMG": [
                "pet58_walk_2_0.png",
                "pet58_walk_2_1.png",
                "pet58_walk_2_2.png",
                "pet58_walk_2_3.png",
                "pet58_walk_2_4.png",
                "pet58_walk_2_5.png"
            ],
            "CX": [
                35,
                35,
                35,
                35,
                35,
                35
            ],
            "CY": [
                23,
                24,
                25,
                23,
                22,
                21
            ]
        }
    },

    "D": {
        "Len": 6,
        "Cx": -50,
        "Cy": -74,
        "Cloth": {
            "IMG": [
                "pet58_walk_3_0.png",
                "pet58_walk_3_1.png",
                "pet58_walk_3_2.png",
                "pet58_walk_3_3.png",
                "pet58_walk_3_4.png",
                "pet58_walk_3_5.png"
            ],
            "CX": [
                14,
                20,
                26,
                12,
                12,
                14
            ],
            "CY": [
                21,
                22,
                23,
                21,
                20,
                19
            ]
        }
    },

    "INTERVAL": 200
}