{

    "NAME": "Pet63",

    "STAND_R": {
        "Len": 6,
        "Cx": -50,
        "Cy": -74,
        "Cloth": {
            "IMG": [
                "pet63_stand_0_0.png",
                "pet63_stand_0_1.png",
                "pet63_stand_0_2.png",
                "pet63_stand_0_3.png",
                "pet63_stand_0_4.png",
                "pet63_stand_0_5.png"
            ],
            "CX": [
                37,
                36,
                36,
                37,
                36,
                36
            ],
            "CY": [
                41,
                40,
                40,
                41,
                40,
                40
            ]
        }
    },

    "STAND_U": {
        "Len": 6,
        "Cx": -50,
        "Cy": -74,
        "Cloth": {
            "IMG": [
                "pet63_stand_1_0.png",
                "pet63_stand_1_1.png",
                "pet63_stand_1_2.png",
                "pet63_stand_1_3.png",
                "pet63_stand_1_4.png",
                "pet63_stand_1_5.png"
            ],
            "CX": [
                31,
                23,
                26,
                31,
                23,
                26
            ],
            "CY": [
                35,
                39,
                37,
                34,
                38,
                36
            ]
        }
    },

    "STAND_L": {
        "Len": 6,
        "Cx": -50,
        "Cy": -74,
        "Cloth": {
            "IMG": [
                "pet63_stand_2_0.png",
                "pet63_stand_2_1.png",
                "pet63_stand_2_2.png",
                "pet63_stand_2_3.png",
                "pet63_stand_2_4.png",
                "pet63_stand_2_5.png"
            ],
            "CX": [
                30,
                30,
                30,
                30,
                30,
                30
            ],
            "CY": [
                41,
                40,
                40,
                41,
                40,
                40
            ]
        }
    },

    "STAND_D": {
        "Len": 6,
        "Cx": -50,
        "Cy": -74,
        "Cloth": {
            "IMG": [
                "pet63_stand_3_0.png",
                "pet63_stand_3_1.png",
                "pet63_stand_3_2.png",
                "pet63_stand_3_3.png",
                "pet63_stand_3_4.png",
                "pet63_stand_3_5.png"
            ],
            "CX": [
                31,
                23,
                26,
                31,
                23,
                26
            ],
            "CY": [
                38,
                38,
                36,
                37,
                37,
                35
            ]
        }
    },

    "R": {
        "Len": 6,
        "Cx": -50,
        "Cy": -74,
        "Cloth": {
            "IMG": [
                "pet63_walk_0_0.png",
                "pet63_walk_0_1.png",
                "pet63_walk_0_2.png",
                "pet63_walk_0_3.png",
                "pet63_walk_0_4.png",
                "pet63_walk_0_5.png"
            ],
            "CX": [
                37,
                36,
                36,
                37,
                36,
                36
            ],
            "CY": [
                41,
                40,
                40,
                41,
                40,
                40
            ]
        }
    },

    "U": {
        "Len": 6,
        "Cx": -50,
        "Cy": -74,
        "Cloth": {
            "IMG": [
                "pet63_walk_1_0.png",
                "pet63_walk_1_1.png",
                "pet63_walk_1_2.png",
                "pet63_walk_1_3.png",
                "pet63_walk_1_4.png",
                "pet63_walk_1_5.png"
            ],
            "CX": [
                31,
                23,
                26,
                31,
                23,
                26
            ],
            "CY": [
                35,
                39,
                37,
                34,
                38,
                36
            ]
        }
    },

    "L": {
        "Len": 6,
        "Cx": -50,
        "Cy": -74,
        "Cloth": {
            "IMG": [
                "pet63_walk_2_0.png",
                "pet63_walk_2_1.png",
                "pet63_walk_2_2.png",
                "pet63_walk_2_3.png",
                "pet63_walk_2_4.png",
                "pet63_walk_2_5.png"
            ],
            "CX": [
                30,
                30,
                30,
                30,
                30,
                30
            ],
            "CY": [
                41,
                40,
                40,
                41,
                40,
                40
            ]
        }
    },

    "D": {
        "Len": 6,
        "Cx": -50,
        "Cy": -74,
        "Cloth": {
            "IMG": [
                "pet63_walk_3_0.png",
                "pet63_walk_3_1.png",
                "pet63_walk_3_2.png",
                "pet63_walk_3_3.png",
                "pet63_walk_3_4.png",
                "pet63_walk_3_5.png"
            ],
            "CX": [
                31,
                23,
                26,
                31,
                23,
                26
            ],
            "CY": [
                38,
                38,
                36,
                37,
                37,
                35
            ]
        }
    },

    "INTERVAL": 200
}