{

    "NAME": "Pet78",

    "STAND_R": {
        "Len": 6,
        "Cx": -50,
        "Cy": -74,
        "Cloth": {
            "IMG": [
                "pet78_stand_0_0.png",
                "pet78_stand_0_1.png",
                "pet78_stand_0_2.png",
                "pet78_stand_0_3.png",
                "pet78_stand_0_4.png",
                "pet78_stand_0_5.png"
            ],
            "CX": [
                28,
                32,
                31,
                27,
                27,
                29
            ],
            "CY": [
                30,
                31,
                32,
                30,
                29,
                28
            ]
        }
    },

    "STAND_U": {
        "Len": 6,
        "Cx": -50,
        "Cy": -74,
        "Cloth": {
            "IMG": [
                "pet78_stand_1_0.png",
                "pet78_stand_1_1.png",
                "pet78_stand_1_2.png",
                "pet78_stand_1_3.png",
                "pet78_stand_1_4.png",
                "pet78_stand_1_5.png"
            ],
            "CX": [
                19,
                23,
                26,
                18,
                17,
                19
            ],
            "CY": [
                30,
                31,
                32,
                30,
                29,
                28
            ]
        }
    },

    "STAND_L": {
        "Len": 6,
        "Cx": -50,
        "Cy": -74,
        "Cloth": {
            "IMG": [
                "pet78_stand_2_0.png",
                "pet78_stand_2_1.png",
                "pet78_stand_2_2.png",
                "pet78_stand_2_3.png",
                "pet78_stand_2_4.png",
                "pet78_stand_2_5.png"
            ],
            "CX": [
                35,
                32,
                31,
                35,
                35,
                35
            ],
            "CY": [
                30,
                31,
                32,
                30,
                29,
                28
            ]
        }
    },

    "STAND_D": {
        "Len": 6,
        "Cx": -50,
        "Cy": -74,
        "Cloth": {
            "IMG": [
                "pet78_stand_3_0.png",
                "pet78_stand_3_1.png",
                "pet78_stand_3_2.png",
                "pet78_stand_3_3.png",
                "pet78_stand_3_4.png",
                "pet78_stand_3_5.png"
            ],
            "CX": [
                19,
                23,
                26,
                18,
                17,
                19
            ],
            "CY": [
                30,
                31,
                32,
                30,
                29,
                28
            ]
        }
    },

    "R": {
        "Len": 6,
        "Cx": -50,
        "Cy": -74,
        "Cloth": {
            "IMG": [
                "pet78_walk_0_0.png",
                "pet78_walk_0_1.png",
                "pet78_walk_0_2.png",
                "pet78_walk_0_3.png",
                "pet78_walk_0_4.png",
                "pet78_walk_0_5.png"
            ],
            "CX": [
                28,
                32,
                31,
                27,
                27,
                29
            ],
            "CY": [
                30,
                31,
                32,
                30,
                29,
                28
            ]
        }
    },

    "U": {
        "Len": 6,
        "Cx": -50,
        "Cy": -74,
        "Cloth": {
            "IMG": [
                "pet78_walk_1_0.png",
                "pet78_walk_1_1.png",
                "pet78_walk_1_2.png",
                "pet78_walk_1_3.png",
                "pet78_walk_1_4.png",
                "pet78_walk_1_5.png"
            ],
            "CX": [
                19,
                23,
                26,
                18,
                17,
                19
            ],
            "CY": [
                30,
                31,
                32,
                30,
                29,
                28
            ]
        }
    },

    "L": {
        "Len": 6,
        "Cx": -50,
        "Cy": -74,
        "Cloth": {
            "IMG": [
                "pet78_walk_2_0.png",
                "pet78_walk_2_1.png",
                "pet78_walk_2_2.png",
                "pet78_walk_2_3.png",
                "pet78_walk_2_4.png",
                "pet78_walk_2_5.png"
            ],
            "CX": [
                35,
                32,
                31,
                35,
                35,
                35
            ],
            "CY": [
                30,
                31,
                32,
                30,
                29,
                28
            ]
        }
    },

    "D": {
        "Len": 6,
        "Cx": -50,
        "Cy": -74,
        "Cloth": {
            "IMG": [
                "pet78_walk_3_0.png",
                "pet78_walk_3_1.png",
                "pet78_walk_3_2.png",
                "pet78_walk_3_3.png",
                "pet78_walk_3_4.png",
                "pet78_walk_3_5.png"
            ],
            "CX": [
                19,
                23,
                26,
                18,
                17,
                19
            ],
            "CY": [
                30,
                31,
                32,
                30,
                29,
                28
            ]
        }
    },

    "INTERVAL": 200
}