{

    "NAME": "Pet77",

    "STAND_R": {
        "Len": 6,
        "Cx": -50,
        "Cy": -74,
        "Cloth": {
            "IMG": [
                "pet77_stand_0_0.png",
                "pet77_stand_0_1.png",
                "pet77_stand_0_2.png",
                "pet77_stand_0_3.png",
                "pet77_stand_0_4.png",
                "pet77_stand_0_5.png"
            ],
            "CX": [
                27,
                29,
                28,
                26,
                26,
                28
            ],
            "CY": [
                35,
                36,
                33,
                35,
                34,
                33
            ]
        }
    },

    "STAND_U": {
        "Len": 6,
        "Cx": -50,
        "Cy": -74,
        "Cloth": {
            "IMG": [
                "pet77_stand_1_0.png",
                "pet77_stand_1_1.png",
                "pet77_stand_1_2.png",
                "pet77_stand_1_3.png",
                "pet77_stand_1_4.png",
                "pet77_stand_1_5.png"
            ],
            "CX": [
                19,
                23,
                26,
                18,
                17,
                19
            ],
            "CY": [
                25,
                26,
                27,
                25,
                24,
                23
            ]
        }
    },

    "STAND_L": {
        "Len": 6,
        "Cx": -50,
        "Cy": -74,
        "Cloth": {
            "IMG": [
                "pet77_stand_2_0.png",
                "pet77_stand_2_1.png",
                "pet77_stand_2_2.png",
                "pet77_stand_2_3.png",
                "pet77_stand_2_4.png",
                "pet77_stand_2_5.png"
            ],
            "CX": [
                38,
                37,
                36,
                38,
                38,
                38
            ],
            "CY": [
                35,
                36,
                33,
                35,
                34,
                33
            ]
        }
    },

    "STAND_D": {
        "Len": 6,
        "Cx": -50,
        "Cy": -74,
        "Cloth": {
            "IMG": [
                "pet77_stand_3_0.png",
                "pet77_stand_3_1.png",
                "pet77_stand_3_2.png",
                "pet77_stand_3_3.png",
                "pet77_stand_3_4.png",
                "pet77_stand_3_5.png"
            ],
            "CX": [
                19,
                23,
                26,
                17,
                17,
                19
            ],
            "CY": [
                25,
                26,
                27,
                25,
                24,
                23
            ]
        }
    },

    "R": {
        "Len": 6,
        "Cx": -50,
        "Cy": -74,
        "Cloth": {
            "IMG": [
                "pet77_walk_0_0.png",
                "pet77_walk_0_1.png",
                "pet77_walk_0_2.png",
                "pet77_walk_0_3.png",
                "pet77_walk_0_4.png",
                "pet77_walk_0_5.png"
            ],
            "CX": [
                27,
                29,
                28,
                26,
                26,
                28
            ],
            "CY": [
                35,
                36,
                33,
                35,
                34,
                33
            ]
        }
    },

    "U": {
        "Len": 6,
        "Cx": -50,
        "Cy": -74,
        "Cloth": {
            "IMG": [
                "pet77_walk_1_0.png",
                "pet77_walk_1_1.png",
                "pet77_walk_1_2.png",
                "pet77_walk_1_3.png",
                "pet77_walk_1_4.png",
                "pet77_walk_1_5.png"
            ],
            "CX": [
                19,
                23,
                26,
                18,
                17,
                19
            ],
            "CY": [
                25,
                26,
                27,
                25,
                24,
                23
            ]
        }
    },

    "L": {
        "Len": 6,
        "Cx": -50,
        "Cy": -74,
        "Cloth": {
            "IMG": [
                "pet77_walk_2_0.png",
                "pet77_walk_2_1.png",
                "pet77_walk_2_2.png",
                "pet77_walk_2_3.png",
                "pet77_walk_2_4.png",
                "pet77_walk_2_5.png"
            ],
            "CX": [
                38,
                37,
                36,
                38,
                38,
                38
            ],
            "CY": [
                35,
                36,
                33,
                35,
                34,
                33
            ]
        }
    },

    "D": {
        "Len": 6,
        "Cx": -50,
        "Cy": -74,
        "Cloth": {
            "IMG": [
                "pet77_walk_3_0.png",
                "pet77_walk_3_1.png",
                "pet77_walk_3_2.png",
                "pet77_walk_3_3.png",
                "pet77_walk_3_4.png",
                "pet77_walk_3_5.png"
            ],
            "CX": [
                19,
                23,
                26,
                17,
                17,
                19
            ],
            "CY": [
                25,
                26,
                27,
                25,
                24,
                23
            ]
        }
    },

    "INTERVAL": 200
}