{

    "NAME": "Pet98",

    "STAND_R": {
        "Len": 6,
        "Cx": -50,
        "Cy": -74,
        "Cloth": {
            "IMG": [
                "Pet98_stand_0_0.png",
                "Pet98_stand_0_1.png",
                "Pet98_stand_0_2.png",
                "Pet98_stand_0_3.png",
                "Pet98_stand_0_4.png",
                "Pet98_stand_0_5.png"
            ],
            "CX": [
                11,
                11,
                10,
                10,
                8,
                10
            ],
            "CY": [
                4,
                5,
                3,
                3,
                3,
                2
            ]
        }
    },

    "STAND_U": {
        "Len": 6,
        "Cx": -50,
        "Cy": -74,
        "Cloth": {
            "IMG": [
                "Pet98_stand_1_0.png",
                "Pet98_stand_1_1.png",
                "Pet98_stand_1_2.png",
                "Pet98_stand_1_3.png",
                "Pet98_stand_1_4.png",
                "Pet98_stand_1_5.png"
            ],
            "CX": [
                14,
                14,
                14,
                14,
                14,
                14
            ],
            "CY": [
                5,
                6,
                4,
                4,
                4,
                3
            ]
        }
    },

    "STAND_L": {
        "Len": 6,
        "Cx": -50,
        "Cy": -74,
        "Cloth": {
            "IMG": [
                "Pet98_stand_2_0.png",
                "Pet98_stand_2_1.png",
                "Pet98_stand_2_2.png",
                "Pet98_stand_2_3.png",
                "Pet98_stand_2_4.png",
                "Pet98_stand_2_5.png"
            ],
            "CX": [
                22,
                22,
                21,
                22,
                21,
                21
            ],
            "CY": [
                4,
                5,
                3,
                3,
                3,
                2
            ]
        }
    },

    "STAND_D": {
        "Len": 6,
        "Cx": -50,
        "Cy": -74,
        "Cloth": {
            "IMG": [
                "Pet98_stand_3_0.png",
                "Pet98_stand_3_1.png",
                "Pet98_stand_3_2.png",
                "Pet98_stand_3_3.png",
                "Pet98_stand_3_4.png",
                "Pet98_stand_3_5.png"
            ],
            "CX": [
                19,
                19,
                19,
                19,
                19,
                19
            ],
            "CY": [
                4,
                3,
                0,
                0,
                1,
                1
            ]
        }
    },

    "R": {
        "Len": 6,
        "Cx": -50,
        "Cy": -74,
        "Cloth": {
            "IMG": [
                "Pet98_walk_0_0.png",
                "Pet98_walk_0_1.png",
                "Pet98_walk_0_2.png",
                "Pet98_walk_0_3.png",
                "Pet98_walk_0_4.png",
                "Pet98_walk_0_5.png"
            ],
            "CX": [
                11,
                11,
                10,
                10,
                8,
                10
            ],
            "CY": [
                4,
                5,
                3,
                3,
                3,
                2
            ]
        }
    },

    "U": {
        "Len": 6,
        "Cx": -50,
        "Cy": -74,
        "Cloth": {
            "IMG": [
                "Pet98_walk_1_0.png",
                "Pet98_walk_1_1.png",
                "Pet98_walk_1_2.png",
                "Pet98_walk_1_3.png",
                "Pet98_walk_1_4.png",
                "Pet98_walk_1_5.png"
            ],
            "CX": [
                14,
                14,
                14,
                14,
                14,
                14
            ],
            "CY": [
                5,
                6,
                4,
                4,
                4,
                3
            ]
        }
    },

    "L": {
        "Len": 6,
        "Cx": -50,
        "Cy": -74,
        "Cloth": {
            "IMG": [
                "Pet98_walk_2_0.png",
                "Pet98_walk_2_1.png",
                "Pet98_walk_2_2.png",
                "Pet98_walk_2_3.png",
                "Pet98_walk_2_4.png",
                "Pet98_walk_2_5.png"
            ],
            "CX": [
                22,
                22,
                21,
                22,
                21,
                21
            ],
            "CY": [
                4,
                5,
                3,
                3,
                3,
                2
            ]
        }
    },

    "D": {
        "Len": 6,
        "Cx": -50,
        "Cy": -74,
        "Cloth": {
            "IMG": [
                "Pet98_walk_3_0.png",
                "Pet98_walk_3_1.png",
                "Pet98_walk_3_2.png",
                "Pet98_walk_3_3.png",
                "Pet98_walk_3_4.png",
                "Pet98_walk_3_5.png"
            ],
            "CX": [
                19,
                19,
                19,
                19,
                19,
                19
            ],
            "CY": [
                4,
                3,
                0,
                0,
                1,
                1
            ]
        }
    },

    "INTERVAL": 200
}