{

    "NAME": "Pet97",

    "STAND_R": {
        "Len": 6,
        "Cx": -50,
        "Cy": -74,
        "Cloth": {
            "IMG": [
                "Pet97_stand_0_0.png",
                "Pet97_stand_0_1.png",
                "Pet97_stand_0_2.png",
                "Pet97_stand_0_3.png",
                "Pet97_stand_0_4.png",
                "Pet97_stand_0_5.png"
            ],
            "CX": [
                34,
                34,
                34,
                34,
                34,
                34
            ],
            "CY": [
                13,
                7,
                6,
                5,
                3,
                8
            ]
        }
    },

    "STAND_U": {
        "Len": 6,
        "Cx": -50,
        "Cy": -74,
        "Cloth": {
            "IMG": [
                "Pet97_stand_1_0.png",
                "Pet97_stand_1_1.png",
                "Pet97_stand_1_2.png",
                "Pet97_stand_1_3.png",
                "Pet97_stand_1_4.png",
                "Pet97_stand_1_5.png"
            ],
            "CX": [
                29,
                29,
                29,
                29,
                29,
                29
            ],
            "CY": [
                13,
                14,
                8,
                4,
                4,
                2
            ]
        }
    },

    "STAND_L": {
        "Len": 6,
        "Cx": -50,
        "Cy": -74,
        "Cloth": {
            "IMG": [
                "Pet97_stand_2_0.png",
                "Pet97_stand_2_1.png",
                "Pet97_stand_2_2.png",
                "Pet97_stand_2_3.png",
                "Pet97_stand_2_4.png",
                "Pet97_stand_2_5.png"
            ],
            "CX": [
                34,
                32,
                31,
                33,
                35,
                33
            ],
            "CY": [
                13,
                7,
                6,
                5,
                3,
                8
            ]
        }
    },

    "STAND_D": {
        "Len": 6,
        "Cx": -50,
        "Cy": -74,
        "Cloth": {
            "IMG": [
                "pet97_stand_3_0.png",
                "pet97_stand_3_1.png",
                "pet97_stand_3_2.png",
                "pet97_stand_3_3.png",
                "pet97_stand_3_4.png",
                "pet97_stand_3_5.png"
            ],
            "CX": [
                30,
                30,
                29,
                30,
                29,
                29
            ],
            "CY": [
                13,
                14,
                8,
                4,
                4,
                2
            ]
        }
    },

    "R": {
        "Len": 6,
        "Cx": -50,
        "Cy": -74,
        "Cloth": {
            "IMG": [
                "Pet97_walk_0_0.png",
                "Pet97_walk_0_1.png",
                "Pet97_walk_0_2.png",
                "Pet97_walk_0_3.png",
                "Pet97_walk_0_4.png",
                "Pet97_walk_0_5.png"
            ],
            "CX": [
                34,
                34,
                34,
                34,
                34,
                34
            ],
            "CY": [
                13,
                7,
                6,
                5,
                3,
                8
            ]
        }
    },

    "U": {
        "Len": 6,
        "Cx": -50,
        "Cy": -74,
        "Cloth": {
            "IMG": [
                "Pet97_walk_1_0.png",
                "Pet97_walk_1_1.png",
                "Pet97_walk_1_2.png",
                "Pet97_walk_1_3.png",
                "Pet97_walk_1_4.png",
                "Pet97_walk_1_5.png"
            ],
            "CX": [
                29,
                29,
                29,
                29,
                29,
                29
            ],
            "CY": [
                13,
                14,
                8,
                4,
                4,
                2
            ]
        }
    },

    "L": {
        "Len": 6,
        "Cx": -50,
        "Cy": -74,
        "Cloth": {
            "IMG": [
                "Pet97_walk_2_0.png",
                "Pet97_walk_2_1.png",
                "Pet97_walk_2_2.png",
                "Pet97_walk_2_3.png",
                "Pet97_walk_2_4.png",
                "Pet97_walk_2_5.png"
            ],
            "CX": [
                34,
                32,
                31,
                33,
                35,
                33
            ],
            "CY": [
                13,
                7,
                6,
                5,
                3,
                8
            ]
        }
    },

    "D": {
        "Len": 6,
        "Cx": -50,
        "Cy": -74,
        "Cloth": {
            "IMG": [
                "Pet97_walk_3_0.png",
                "Pet97_walk_3_1.png",
                "Pet97_walk_3_2.png",
                "Pet97_walk_3_3.png",
                "Pet97_walk_3_4.png",
                "Pet97_walk_3_5.png"
            ],
            "CX": [
                30,
                30,
                29,
                30,
                29,
                29
            ],
            "CY": [
                13,
                14,
                8,
                4,
                4,
                2
            ]
        }
    },

    "INTERVAL": 200
}