{

    "NAME": "Pet93",

    "STAND_R": {
        "Len": 6,
        "Cx": -50,
        "Cy": -74,
        "Cloth": {
            "IMG": [
                "Pet93_stand_0_0.png",
                "Pet93_stand_0_1.png",
                "Pet93_stand_0_2.png",
                "Pet93_stand_0_3.png",
                "Pet93_stand_0_4.png",
                "Pet93_stand_0_5.png"
            ],
            "CX": [
                33,
                33,
                33,
                33,
                33,
                33
            ],
            "CY": [
                36,
                36,
                35,
                34,
                35,
                36
            ]
        }
    },

    "STAND_U": {
        "Len": 6,
        "Cx": -50,
        "Cy": -74,
        "Cloth": {
            "IMG": [
                "Pet93_stand_1_0.png",
                "Pet93_stand_1_1.png",
                "Pet93_stand_1_2.png",
                "Pet93_stand_1_3.png",
                "Pet93_stand_1_4.png",
                "Pet93_stand_1_5.png"
            ],
            "CX": [
                27,
                27,
                27,
                27,
                27,
                27
            ],
            "CY": [
                36,
                35,
                35,
                35,
                36,
                37
            ]
        }
    },

    "STAND_L": {
        "Len": 6,
        "Cx": -50,
        "Cy": -74,
        "Cloth": {
            "IMG": [
                "Pet93_stand_2_0.png",
                "Pet93_stand_2_1.png",
                "Pet93_stand_2_2.png",
                "Pet93_stand_2_3.png",
                "Pet93_stand_2_4.png",
                "Pet93_stand_2_5.png"
            ],
            "CX": [
                34,
                34,
                34,
                34,
                34,
                34
            ],
            "CY": [
                36,
                36,
                35,
                34,
                35,
                36
            ]
        }
    },

    "STAND_D": {
        "Len": 6,
        "Cx": -50,
        "Cy": -74,
        "Cloth": {
            "IMG": [
                "Pet93_stand_3_0.png",
                "Pet93_stand_3_1.png",
                "Pet93_stand_3_2.png",
                "Pet93_stand_3_3.png",
                "Pet93_stand_3_4.png",
                "Pet93_stand_3_5.png"
            ],
            "CX": [
                34,
                34,
                34,
                34,
                34,
                34
            ],
            "CY": [
                36,
                35,
                35,
                34,
                35,
                36
            ]
        }
    },

    "R": {
        "Len": 6,
        "Cx": -50,
        "Cy": -74,
        "Cloth": {
            "IMG": [
                "Pet93_walk_0_0.png",
                "Pet93_walk_0_1.png",
                "Pet93_walk_0_2.png",
                "Pet93_walk_0_3.png",
                "Pet93_walk_0_4.png",
                "Pet93_walk_0_5.png"
            ],
            "CX": [
                33,
                33,
                33,
                33,
                33,
                33
            ],
            "CY": [
                36,
                35,
                35,
                36,
                35,
                35
            ]
        }
    },

    "U": {
        "Len": 6,
        "Cx": -50,
        "Cy": -74,
        "Cloth": {
            "IMG": [
                "Pet93_walk_1_0.png",
                "Pet93_walk_1_1.png",
                "Pet93_walk_1_2.png",
                "Pet93_walk_1_3.png",
                "Pet93_walk_1_4.png",
                "Pet93_walk_1_5.png"
            ],
            "CX": [
                27,
                27,
                27,
                27,
                27,
                27
            ],
            "CY": [
                36,
                35,
                35,
                36,
                35,
                35
            ]
        }
    },

    "L": {
        "Len": 6,
        "Cx": -50,
        "Cy": -74,
        "Cloth": {
            "IMG": [
                "Pet93_walk_2_0.png",
                "Pet93_walk_2_1.png",
                "Pet93_walk_2_2.png",
                "Pet93_walk_2_3.png",
                "Pet93_walk_2_4.png",
                "Pet93_walk_2_5.png"
            ],
            "CX": [
                34,
                34,
                34,
                34,
                34,
                34
            ],
            "CY": [
                36,
                35,
                35,
                36,
                35,
                35
            ]
        }
    },

    "D": {
        "Len": 6,
        "Cx": -50,
        "Cy": -74,
        "Cloth": {
            "IMG": [
                "Pet93_walk_3_0.png",
                "Pet93_walk_3_1.png",
                "Pet93_walk_3_2.png",
                "Pet93_walk_3_3.png",
                "Pet93_walk_3_4.png",
                "Pet93_walk_3_5.png"
            ],
            "CX": [
                34,
                34,
                34,
                34,
                34,
                34
            ],
            "CY": [
                36,
                34,
                35,
                36,
                34,
                35
            ]
        }
    },

    "INTERVAL": 200
}