{

    "NAME": "Pet94",

    "STAND_R": {
        "Len": 6,
        "Cx": -50,
        "Cy": -74,
        "Cloth": {
            "IMG": [
                "Pet94_stand_0_0.png",
                "Pet94_stand_0_1.png",
                "Pet94_stand_0_2.png",
                "Pet94_stand_0_3.png",
                "Pet94_stand_0_4.png",
                "Pet94_stand_0_5.png"
            ],
            "CX": [
                17,
                17,
                17,
                18,
                18,
                17
            ],
            "CY": [
                20,
                19,
                19,
                19,
                20,
                20
            ]
        }
    },

    "STAND_U": {
        "Len": 6,
        "Cx": -50,
        "Cy": -74,
        "Cloth": {
            "IMG": [
                "Pet94_stand_1_0.png",
                "Pet94_stand_1_1.png",
                "Pet94_stand_1_2.png",
                "Pet94_stand_1_3.png",
                "Pet94_stand_1_4.png",
                "Pet94_stand_1_5.png"
            ],
            "CX": [
                23,
                23,
                23,
                23,
                23,
                23
            ],
            "CY": [
                20,
                19,
                19,
                19,
                20,
                20
            ]
        }
    },

    "STAND_L": {
        "Len": 6,
        "Cx": -50,
        "Cy": -74,
        "Cloth": {
            "IMG": [
                "Pet94_stand_2_0.png",
                "Pet94_stand_2_1.png",
                "Pet94_stand_2_2.png",
                "Pet94_stand_2_3.png",
                "Pet94_stand_2_4.png",
                "Pet94_stand_2_5.png"
            ],
            "CX": [
                29,
                29,
                29,
                29,
                29,
                29
            ],
            "CY": [
                20,
                19,
                19,
                19,
                20,
                20
            ]
        }
    },

    "STAND_D": {
        "Len": 6,
        "Cx": -50,
        "Cy": -74,
        "Cloth": {
            "IMG": [
                "Pet94_stand_3_0.png",
                "Pet94_stand_3_1.png",
                "Pet94_stand_3_2.png",
                "Pet94_stand_3_3.png",
                "Pet94_stand_3_4.png",
                "Pet94_stand_3_5.png"
            ],
            "CX": [
                28,
                28,
                28,
                28,
                28,
                28
            ],
            "CY": [
                20,
                19,
                19,
                19,
                20,
                20
            ]
        }
    },

    "R": {
        "Len": 6,
        "Cx": -50,
        "Cy": -74,
        "Cloth": {
            "IMG": [
                "Pet94_walk_0_0.png",
                "Pet94_walk_0_1.png",
                "Pet94_walk_0_2.png",
                "Pet94_walk_0_3.png",
                "Pet94_walk_0_4.png",
                "Pet94_walk_0_5.png"
            ],
            "CX": [
                17,
                16,
                16,
                17,
                18,
                19
            ],
            "CY": [
                20,
                20,
                19,
                20,
                20,
                19
            ]
        }
    },

    "U": {
        "Len": 6,
        "Cx": -50,
        "Cy": -74,
        "Cloth": {
            "IMG": [
                "Pet94_walk_1_0.png",
                "Pet94_walk_1_1.png",
                "Pet94_walk_1_2.png",
                "Pet94_walk_1_3.png",
                "Pet94_walk_1_4.png",
                "Pet94_walk_1_5.png"
            ],
            "CX": [
                23,
                23,
                23,
                23,
                23,
                23
            ],
            "CY": [
                20,
                19,
                20,
                20,
                19,
                20
            ]
        }
    },

    "L": {
        "Len": 6,
        "Cx": -50,
        "Cy": -74,
        "Cloth": {
            "IMG": [
                "Pet94_walk_2_0.png",
                "Pet94_walk_2_1.png",
                "Pet94_walk_2_2.png",
                "Pet94_walk_2_3.png",
                "Pet94_walk_2_4.png",
                "Pet94_walk_2_5.png"
            ],
            "CX": [
                29,
                29,
                29,
                29,
                29,
                29
            ],
            "CY": [
                20,
                20,
                19,
                20,
                20,
                19
            ]
        }
    },

    "D": {
        "Len": 6,
        "Cx": -50,
        "Cy": -74,
        "Cloth": {
            "IMG": [
                "Pet94_walk_3_0.png",
                "Pet94_walk_3_1.png",
                "Pet94_walk_3_2.png",
                "Pet94_walk_3_3.png",
                "Pet94_walk_3_4.png",
                "Pet94_walk_3_5.png"
            ],
            "CX": [
                28,
                28,
                28,
                28,
                28,
                28
            ],
            "CY": [
                20,
                20,
                19,
                20,
                20,
                19
            ]
        }
    },

    "INTERVAL": 200
}