{

    "NAME": "Pet92",

    "STAND_R": {
        "Len": 6,
        "Cx": -50,
        "Cy": -74,
        "Cloth": {
            "IMG": [
                "Pet92_stand_0_0.png",
                "Pet92_stand_0_1.png",
                "Pet92_stand_0_2.png",
                "Pet92_stand_0_3.png",
                "Pet92_stand_0_4.png",
                "Pet92_stand_0_5.png"
            ],
            "CX": [
                27,
                27,
                27,
                27,
                27,
                27
            ],
            "CY": [
                13,
                15,
                15,
                13,
                12,
                12
            ]
        }
    },

    "STAND_U": {
        "Len": 6,
        "Cx": -50,
        "Cy": -74,
        "Cloth": {
            "IMG": [
                "Pet92_stand_1_0.png",
                "Pet92_stand_1_1.png",
                "Pet92_stand_1_2.png",
                "Pet92_stand_1_3.png",
                "Pet92_stand_1_4.png",
                "Pet92_stand_1_5.png"
            ],
            "CX": [
                28,
                28,
                28,
                28,
                28,
                28
            ],
            "CY": [
                12,
                14,
                14,
                12,
                11,
                11
            ]
        }
    },

    "STAND_L": {
        "Len": 6,
        "Cx": -50,
        "Cy": -74,
        "Cloth": {
            "IMG": [
                "Pet92_stand_2_0.png",
                "Pet92_stand_2_1.png",
                "Pet92_stand_2_2.png",
                "Pet92_stand_2_3.png",
                "Pet92_stand_2_4.png",
                "Pet92_stand_2_5.png"
            ],
            "CX": [
                28,
                28,
                28,
                28,
                28,
                28
            ],
            "CY": [
                13,
                15,
                15,
                13,
                12,
                12
            ]
        }
    },

    "STAND_D": {
        "Len": 6,
        "Cx": -50,
        "Cy": -74,
        "Cloth": {
            "IMG": [
                "Pet92_stand_3_0.png",
                "Pet92_stand_3_1.png",
                "Pet92_stand_3_2.png",
                "Pet92_stand_3_3.png",
                "Pet92_stand_3_4.png",
                "Pet92_stand_3_5.png"
            ],
            "CX": [
                28,
                28,
                28,
                28,
                28,
                28
            ],
            "CY": [
                12,
                14,
                14,
                11,
                11,
                11
            ]
        }
    },

    "R": {
        "Len": 6,
        "Cx": -50,
        "Cy": -74,
        "Cloth": {
            "IMG": [
                "Pet92_walk_0_0.png",
                "Pet92_walk_0_1.png",
                "Pet92_walk_0_2.png",
                "Pet92_walk_0_3.png",
                "Pet92_walk_0_4.png",
                "Pet92_walk_0_5.png"
            ],
            "CX": [
                27,
                27,
                27,
                27,
                27,
                27
            ],
            "CY": [
                13,
                15,
                3,
                0,
                6,
                11
            ]
        }
    },

    "U": {
        "Len": 6,
        "Cx": -50,
        "Cy": -74,
        "Cloth": {
            "IMG": [
                "Pet92_walk_1_0.png",
                "Pet92_walk_1_1.png",
                "Pet92_walk_1_2.png",
                "Pet92_walk_1_3.png",
                "Pet92_walk_1_4.png",
                "Pet92_walk_1_5.png"
            ],
            "CX": [
                28,
                28,
                28,
                24,
                28,
                28
            ],
            "CY": [
                12,
                14,
                4,
                3,
                4,
                8
            ]
        }
    },

    "L": {
        "Len": 6,
        "Cx": -50,
        "Cy": -74,
        "Cloth": {
            "IMG": [
                "Pet92_walk_2_0.png",
                "Pet92_walk_2_1.png",
                "Pet92_walk_2_2.png",
                "Pet92_walk_2_3.png",
                "Pet92_walk_2_4.png",
                "Pet92_walk_2_5.png"
            ],
            "CX": [
                28,
                28,
                28,
                28,
                28,
                28
            ],
            "CY": [
                13,
                15,
                3,
                0,
                6,
                11
            ]
        }
    },

    "D": {
        "Len": 6,
        "Cx": -50,
        "Cy": -74,
        "Cloth": {
            "IMG": [
                "Pet92_walk_3_0.png",
                "Pet92_walk_3_1.png",
                "Pet92_walk_3_2.png",
                "Pet92_walk_3_3.png",
                "Pet92_walk_3_4.png",
                "Pet92_walk_3_5.png"
            ],
            "CX": [
                28,
                28,
                27,
                22,
                27,
                28
            ],
            "CY": [
                12,
                13,
                1,
                0,
                3,
                7
            ]
        }
    },

    "INTERVAL": 200
}