{
    "NAME": "npack375",
    "STAND_R": {
        "IMG": [
            "npack375_stand_0_0.png",
            "npack375_stand_0_1.png",
            "npack375_stand_0_2.png",
            "npack375_stand_0_3.png",
            "npack375_stand_0_4.png",
            "npack375_stand_0_5.png"
        ],
        "CX": [
            15,
            15,
            15,
            15,
            15,
            15
        ],
        "CY": [
            20,
            23,
            19,
            20,
            25,
            21
        ]
    },
    "STAND_U": {
        "IMG": [
            "npack375_stand_1_0.png",
            "npack375_stand_1_1.png",
            "npack375_stand_1_2.png",
            "npack375_stand_1_3.png",
            "npack375_stand_1_4.png",
            "npack375_stand_1_5.png"
        ],
        "CX": [
            18,
            18,
            18,
            18,
            18,
            18
        ],
        "CY": [
            21,
            26,
            20,
            21,
            28,
            22
        ]
    },
    "STAND_L": {
        "IMG": [
            "npack375_stand_2_0.png",
            "npack375_stand_2_1.png",
            "npack375_stand_2_2.png",
            "npack375_stand_2_3.png",
            "npack375_stand_2_4.png",
            "npack375_stand_2_5.png"
        ],
        "CX": [
            52,
            54,
            52,
            52,
            54,
            52
        ],
        "CY": [
            20,
            23,
            19,
            20,
            25,
            21
        ]
    },
    "STAND_D": {
        "IMG": [
            "npack375_stand_3_0.png",
            "npack375_stand_3_1.png",
            "npack375_stand_3_2.png",
            "npack375_stand_3_3.png",
            "npack375_stand_3_4.png",
            "npack375_stand_3_5.png"
        ],
        "CX": [
            17,
            20,
            17,
            17,
            20,
            17
        ],
        "CY": [
            13,
            18,
            12,
            13,
            20,
            14
        ]
    },
    "R": {
        "IMG": [
            "npack375_walk_0_0.png",
            "npack375_walk_0_1.png",
            "npack375_walk_0_2.png",
            "npack375_walk_0_3.png",
            "npack375_walk_0_4.png",
            "npack375_walk_0_5.png"
        ],
        "CX": [
            15,
            14,
            14,
            15,
            16,
            17
        ],
        "CY": [
            20,
            24,
            19,
            20,
            24,
            19
        ]
    },
    "U": {
        "IMG": [
            "npack375_walk_1_0.png",
            "npack375_walk_1_1.png",
            "npack375_walk_1_2.png",
            "npack375_walk_1_3.png",
            "npack375_walk_1_4.png",
            "npack375_walk_1_5.png"
        ],
        "CX": [
            18,
            17,
            16,
            18,
            19,
            20
        ],
        "CY": [
            21,
            27,
            20,
            21,
            27,
            20
        ]
    },
    "L": {
        "IMG": [
            "npack375_walk_2_0.png",
            "npack375_walk_2_1.png",
            "npack375_walk_2_2.png",
            "npack375_walk_2_3.png",
            "npack375_walk_2_4.png",
            "npack375_walk_2_5.png"
        ],
        "CX": [
            52,
            55,
            53,
            52,
            53,
            50
        ],
        "CY": [
            20,
            24,
            19,
            20,
            24,
            19
        ]
    },
    "D": {
        "IMG": [
            "npack375_walk_3_0.png",
            "npack375_walk_3_1.png",
            "npack375_walk_3_2.png",
            "npack375_walk_3_3.png",
            "npack375_walk_3_4.png",
            "npack375_walk_3_5.png"
        ],
        "CX": [
            17,
            19,
            15,
            17,
            21,
            19
        ],
        "CY": [
            13,
            19,
            12,
            13,
            19,
            12
        ]
    },
    "INTERVAL": 200
}