{
  "NAME": "item_rose",
  "INTERVAL": 300,

  "STAND": {
      "IMG": [
        "item301_stand_0_0.png",
        "item301_stand_0_1.png",
        "item301_stand_0_2.png",
        "item301_stand_0_3.png",
        "item301_stand_0_4.png",
        "item301_stand_0_5.png",
        "item301_stand_0_6.png"
      ],
      "CX": [3, 3, 3, 3, 3, 3, 3],
      "CY": [9, 8, 7, 6, 7, 8, 10]
  },

  "DIE": {
      "IMG": [
        "item301_trigger_0_0.png",
        "item301_trigger_0_1.png",
        "item301_trigger_0_2.png",
        "item301_trigger_0_3.png"
      ],
      "CX": [0, 3, 0, 3],
      "CY": [-80, -80, -80, -80]
  }

}