{
  "TYPE": "bun",
  "NAME": "elem2",
  "WIDTH": 1,
  "HEIGHT": 1,
  "BLOCK": [[[1, 1]], [[1], [1]]],
  "BREAKABLE": true,
  "CAN_HIDE": false,
  "INTERVAL": 100,

  "STAND": {
      "IMG": [
        "elem2_stand_0_0.png"
      ],
      "CX": [-2],
      "CY": [-10]
  },

  "DIE": {
      "IMG": [
        "elem2_die_0_0.png",
        "elem2_die_0_1.png",
        "elem2_die_0_2.png",
        "elem2_die_0_3.png"
      ],
      "CX": [-1, -1, -2, -1],
      "CY": [-4, -3, -10, -10]
  }

}